ticker,name,sector,sub_industry,date,spot,iv30,hv20,iv_hv_ratio,iv_rank,iv_pctl,iv_obs,pcr_oi,put_skew,put_oi,call_oi,put_vol,call_vol,p20_expiry,p20_dte,p20_strike,p20_delta,p20_bid,p20_ask,p20_mid,p20_iv,p20_oi,p20_spread_pct,p20_otm,p20_yield,p20_ann_yield
A,Agilent Technologies,Health Care,Life Sciences Tools & Services,2026-09-17,156.095,0.28207,0.34002828626633924,0.8295486328424413,,,1.0,0.6710683649597089,0.02560000000000001,12908.0,19235.0,388.0,1014.0,2026-10-16,29.0,145.0,-0.1764,1.05,1.45,1.25,0.3023,89.0,0.31999999999999995,-0.07107850988180275,0.008620689655172414,0.10850178359096314
AAPL,Apple Inc.,Information Technology,"Technology Hardware, Storage & Peripherals",2026-09-17,336.71,0.23373999999999998,0.23701842014130714,0.9861680786693598,,,1.0,0.6514453889063757,0.01820000000000002,1690891.0,2595599.0,480716.0,798667.0,2026-10-23,36.0,315.0,-0.18,2.54,2.76,2.65,0.2548,452.0,0.08301886792452821,-0.0644768495144189,0.008412698412698412,0.08529541446208112
ABBV,AbbVie,Health Care,Biotechnology,2026-09-17,263.32,0.25273,0.22600173861024672,1.118265733503262,,,1.0,0.6456667635799778,0.029400000000000037,106597.0,165096.0,2988.0,2873.0,2026-10-23,36.0,245.0,-0.1988,2.24,3.75,2.995,0.2921,15.0,0.5041736227045074,-0.06957314294394645,0.012224489795918368,0.12394274376417234
ABNB,Airbnb,Consumer Discretionary,"Hotels, Resorts & Cruise Lines",2026-09-17,165.31,0.32104999999999995,0.2904072396214875,1.105516516800517,,,1.0,0.8211390362001384,0.06429999999999997,89032.0,108425.0,5749.0,5367.0,2026-10-23,36.0,152.5,-0.1989,1.66,3.3,2.48,0.3777,12.0,0.6612903225806451,-0.07749077490774914,0.016262295081967214,0.1648816029143898
ABT,Abbott Laboratories,Health Care,Health Care Equipment,2026-09-17,102.23,0.28048,0.22280592869834587,1.2588533960410826,,,1.0,0.6175168567091468,0.02100000000000002,87462.0,141635.0,7108.0,5268.0,2026-10-23,36.0,94.0,-0.1995,0.65,1.55,1.1,0.314,15.0,0.8181818181818181,-0.08050474420424536,0.01170212765957447,0.11864657210401892
ACGL,Arch Capital Group,Financials,Property & Casualty Insurance,2026-09-17,96.97,0.18852,0.18483551546977936,1.019933855898073,,,1.0,1.1624209575429088,0.0,6434.0,5535.0,59.0,19.0,2026-10-16,29.0,95.0,-0.3575,1.15,2.1,1.625,0.2222,367.0,0.5846153846153848,-0.02031556151387026,0.017105263157894738,0.2152903811252269
ACN,Accenture,Information Technology,IT Consulting & Other Services,2026-09-17,190.21,0.51916,0.43741852588115415,1.1868724557428891,,,1.0,1.1025788742417568,0.00649999999999995,97608.0,88527.0,4774.0,2743.0,2026-10-23,36.0,165.0,-0.1895,2.85,4.7,3.7750000000000004,0.5436,11.0,0.4900662251655629,-0.13253772146574838,0.02287878787878788,0.23196548821548824
ADBE,Adobe Inc.,Information Technology,Application Software,2026-09-17,252.64,0.39352,0.4722381264766302,0.8333084050965001,,,1.0,1.0800836270679772,-0.01469999999999999,231962.0,214763.0,22987.0,18242.0,2026-10-23,36.0,230.0,-0.202,2.67,4.5,3.585,0.3921,51.0,0.5104602510460251,-0.08961367954401511,0.01558695652173913,0.15803442028985507
ADI,Analog Devices,Information Technology,Semiconductors,2026-09-17,363.7201,0.35603999999999997,0.30292960124009793,1.1753225783894505,,,1.0,0.4926353266961166,0.025500000000000023,37359.0,75835.0,350.0,1679.0,2026-10-23,36.0,330.0,-0.1857,3.7,6.3,5.0,0.3941,58.0,0.5199999999999999,-0.09270892645196127,0.015151515151515152,0.15361952861952863
ADM,Archer Daniels Midland,Consumer Staples,Agricultural Products & Services,2026-09-17,85.0,0.31732,0.25814582182391493,1.2292277200459538,,,1.0,0.42474911051901015,0.010299999999999976,26622.0,62677.0,870.0,1445.0,2026-10-16,29.0,80.0,-0.239,1.15,1.25,1.2,0.3359,3632.0,0.08333333333333341,-0.05882352941176472,0.015,0.18879310344827585
ADP,Automatic Data Processing,Industrials,Human Resource & Employment Services,2026-09-17,269.85,0.2647,0.24115776134670688,1.0976217332663285,,,1.0,1.0611075747931253,0.038799999999999946,20004.0,18852.0,274.0,480.0,2026-10-23,36.0,250.0,-0.1862,0.85,4.0,2.425,0.3072,2.0,1.2989690721649485,-0.07355938484343161,0.009699999999999999,0.0983472222222222
ADSK,Autodesk,Information Technology,Application Software,2026-09-17,218.24,0.40152,0.5591320196866736,0.7181130499823705,,,1.0,1.1303231039610653,0.0015000000000000013,25083.0,22191.0,1706.0,797.0,2026-10-23,36.0,200.0,-0.2244,3.4,4.3,3.8499999999999996,0.4149,9.0,0.23376623376623376,-0.08357771260997071,0.01925,0.19517361111111112
AEE,Ameren,Utilities,Multi-Utilities,2026-09-17,103.04,0.18478999999999998,0.13069578105546834,1.4138941479799843,,,1.0,0.1350471293916024,0.04269999999999999,788.0,5835.0,38.0,5.0,2026-10-16,29.0,100.0,-0.28,0.85,2.05,1.45,0.2435,228.0,0.8275862068965516,-0.029503105590062195,0.014499999999999999,0.1825
AEP,American Electric Power,Utilities,Electric Utilities,2026-09-17,120.77,0.19483,0.17064432498386142,1.1417314933762135,,,1.0,0.5236682540921748,0.012900000000000023,20123.0,38427.0,499.0,792.0,2026-10-16,29.0,115.0,-0.1895,0.65,0.85,0.75,0.2126,512.0,0.2666666666666666,-0.047776765753084316,0.006521739130434782,0.0820839580209895
AES,AES Corporation,Utilities,Independent Power Producers & Energy Traders,2026-09-17,14.8752,0.06451,0.0277219478935039,2.3270370555424305,,,1.0,1.0793949894401376,,85351.0,79073.0,483.0,1235.0,2026-10-16,29.0,15.0,-0.72,0.04,0.22,0.13,0.0,1209.0,1.3846153846153846,0.008389803162310416,0.008666666666666666,0.10908045977011493
AFL,Aflac,Financials,Life & Health Insurance,2026-09-17,116.81,0.18681999999999999,0.20685011519486554,0.9031660428325314,,,1.0,0.5763689486675734,0.05620000000000003,22883.0,39702.0,425.0,775.0,2026-10-23,36.0,110.0,-0.1988,0.35,2.25,1.3,0.271,3.0,1.4615384615384615,-0.05829980309904981,0.011818181818181818,0.11982323232323232
AIG,American International Group,Financials,Multi-line Insurance,2026-09-17,76.07,0.23084,0.14150367368321565,1.6313357384401315,,,1.0,1.4439576972432409,0.006300000000000028,32632.0,22599.0,816.0,447.0,2026-10-23,36.0,70.0,-0.1463,0.1,1.8,0.9500000000000001,0.259,2.0,1.789473684210526,-0.07979492572630464,0.013571428571428573,0.13759920634920636
AIZ,Assurant,Financials,Multi-line Insurance,2026-09-17,283.81,0.19577000000000003,0.14752840054664965,1.3269987288860765,,,1.0,0.17408906882591094,0.03700000000000003,172.0,988.0,3.0,1.0,2026-10-16,29.0,270.0,-0.1987,1.7,3.8,2.75,0.2639,16.0,0.7636363636363636,-0.04865931433000947,0.010185185185185186,0.12819284802043424
AJG,Arthur J. Gallagher & Co.,Financials,Insurance Brokers,2026-09-17,243.78,0.30952999999999997,0.3799649450130812,0.8146277809636983,,,1.0,0.578697350364193,0.018299999999999983,5482.0,9473.0,126.0,127.0,2026-10-16,29.0,220.0,-0.1509,1.55,2.2,1.875,0.358,166.0,0.34666666666666673,-0.09754696857822631,0.008522727272727272,0.10726880877742945
AKAM,Akamai Technologies,Information Technology,Internet Services & Infrastructure,2026-09-17,107.115,0.5034000000000001,0.3581454539464259,1.4055741723174364,,,1.0,0.7079878644307296,0.03520000000000001,68141.0,96246.0,757.0,1415.0,2026-10-23,36.0,95.0,-0.2031,1.45,3.1,2.275,0.5361,2.0,0.7252747252747254,-0.11310274004574516,0.02394736842105263,0.24279970760233915
ALB,Albemarle Corporation,Materials,Specialty Chemicals,2026-09-17,114.0675,0.47996,0.4635231813699242,1.0354606183481427,,,1.0,1.4314590224182286,0.08000000000000007,66215.0,46257.0,857.0,3143.0,2026-10-23,36.0,101.0,-0.1968,1.69,4.1,2.8949999999999996,0.5833,0.0,0.8324697754749568,-0.11455936178140136,0.028663366336633658,0.2906146864686468
ALGN,Align Technology,Health Care,Health Care Supplies,2026-09-17,150.45,0.38835000000000003,0.3233972345508356,1.2008451480402327,,,1.0,0.9944767441860465,-0.02889999999999998,13684.0,13760.0,458.0,321.0,2026-10-23,36.0,135.0,-0.2107,0.05,4.9,2.475,0.448,2.0,1.9595959595959598,-0.10269192422731799,0.018333333333333333,0.18587962962962962
ALL,Allstate,Financials,Property & Casualty Insurance,2026-09-17,254.85,0.24025,0.20973954905504608,1.145468277596737,,,1.0,1.3047131617141547,0.017500000000000016,17080.0,13091.0,217.0,346.0,2026-10-16,29.0,240.0,-0.192,1.45,2.35,1.9,0.2545,214.0,0.4736842105263159,-0.058269570335491405,0.007916666666666666,0.09964080459770114
ALLE,Allegion,Industrials,Building Products,2026-09-17,152.81,0.24614999999999998,0.20699001477598686,1.1891877985824277,,,1.0,0.08078765300691858,-0.007799999999999974,759.0,9395.0,2.0,235.0,2026-10-16,29.0,145.0,-0.2256,0.45,2.2,1.3250000000000002,0.2538,50.0,1.320754716981132,-0.051109220600746075,0.00913793103448276,0.11501189060642095
AMAT,Applied Materials,Information Technology,Semiconductor Materials & Equipment,2026-09-17,417.62,0.48918999999999996,0.41430577463422286,1.1807462747336552,,,1.0,1.744610662244646,0.004400000000000015,197790.0,113372.0,34759.0,21299.0,2026-10-23,36.0,370.0,-0.1927,5.9,8.2,7.05,0.4884,97.0,0.3262411347517729,-0.11402710598151433,0.019054054054054054,0.19318693693693692
AMCR,Amcor,Materials,Paper & Plastic Packaging Products & Materials,2026-09-17,41.97,0.27292,0.23501924250313674,1.161266614142701,,,1.0,0.5355463541301144,-0.0484,7631.0,14249.0,160.0,130.0,2026-10-16,29.0,39.0,-0.1804,0.15,0.45,0.3,0.2856,235.0,1.0000000000000002,-0.07076483202287343,0.007692307692307692,0.09681697612732094
AMD,Advanced Micro Devices,Information Technology,Semiconductors,2026-09-17,546.58,0.51402,0.4822218898777889,1.065940826805415,,,1.0,0.802175885679614,0.005600000000000049,589645.0,735057.0,291914.0,444780.0,2026-10-23,36.0,480.0,-0.1928,9.8,10.45,10.125,0.5219,135.0,0.0641975308641974,-0.12181199458450731,0.02109375,0.21386718750000003
AME,Ametek,Industrials,Electrical Components & Equipment,2026-09-17,232.19,0.23113,0.2612057952446056,0.8848578561725969,,,1.0,0.29936221973831284,-0.002899999999999986,4553.0,15209.0,54.0,313.0,2026-10-16,29.0,220.0,-0.2144,1.0,2.85,1.925,0.2478,1015.0,0.961038961038961,-0.05250010767044233,0.00875,0.11012931034482759
AMGN,Amgen,Health Care,Biotechnology,2026-09-17,377.7,0.25623,0.44739919516395926,0.5727100155066192,,,1.0,1.1384322594880847,0.023499999999999965,82550.0,72512.0,57736.0,3234.0,2026-10-23,36.0,355.0,-0.2071,1.51,6.35,3.9299999999999997,0.2738,19.0,1.231552162849873,-0.060100608948901235,0.011070422535211268,0.11224178403755869
AMP,Ameriprise Financial,Financials,Asset Management & Custody Banks,2026-09-17,540.86,0.25959,0.20101371198603607,1.2914044392057844,,,1.0,0.27694117647058825,-0.0022000000000000353,1177.0,4250.0,22.0,37.0,2026-10-16,29.0,510.0,-0.2179,1.95,7.5,4.725,0.2628,0.0,1.1746031746031746,-0.0570572791480235,0.00926470588235294,0.1166075050709939
AMT,American Tower,Real Estate,Telecom Tower REITs,2026-09-17,175.56,0.26047,0.20346397932766913,1.2801774587359531,,,1.0,0.8938971891618132,0.005799999999999972,21180.0,23694.0,62.0,1086.0,2026-10-16,29.0,165.0,-0.2235,1.5,2.15,1.825,0.2743,479.0,0.3561643835616438,-0.06015037593984962,0.01106060606060606,0.13921107628004178
AMZN,Amazon,Consumer Discretionary,Broadline Retail,2026-09-17,250.89,0.29016,0.2700478365821272,1.0744762989862213,,,1.0,0.7329691104844912,0.014899999999999969,1646964.0,2246976.0,214729.0,442845.0,2026-10-23,36.0,235.0,-0.2201,3.0,3.35,3.175,0.3081,789.0,0.11023622047244098,-0.06333452907648762,0.01351063829787234,0.13698286052009456
ANET,Arista Networks,Information Technology,Communications Equipment,2026-09-17,200.075,0.47151000000000004,0.4823970313481392,0.9774313881706246,,,1.0,0.5927814311815262,0.007599999999999996,89871.0,151609.0,7543.0,22903.0,2026-10-23,36.0,180.0,-0.2194,3.65,4.65,4.15,0.4874,22.0,0.24096385542168683,-0.1003373734849431,0.02305555555555556,0.23375771604938278
AON,Aon plc,Financials,Insurance Brokers,2026-09-17,300.57,0.26557,0.44021275304348456,0.6032764797565208,,,1.0,0.8349553128103278,0.0126,4204.0,5035.0,74.0,29.0,2026-10-16,29.0,280.0,-0.1861,0.85,3.8,2.3249999999999997,0.2842,85.0,1.2688172043010753,-0.0684366370562598,0.008303571428571428,0.10451046798029556
AOS,A. O. Smith,Industrials,Building Products,2026-09-17,56.805,0.25596,0.28839940895464405,0.887519155908722,,,1.0,0.9405940594059405,0.01699999999999996,5510.0,5858.0,0.0,2.0,2026-10-16,29.0,50.0,-0.0953,0.05,0.15,0.1,0.29,67.0,0.9999999999999999,-0.11979579262388873,0.002,0.02517241379310345
APA,APA Corporation,Energy,Oil & Gas Exploration & Production,2026-09-17,45.47,0.44522,0.39521918202963713,1.1265141477030165,,,1.0,0.4055087158077371,0.01679999999999998,44874.0,110661.0,2135.0,3034.0,2026-10-23,36.0,41.0,-0.2189,0.71,1.05,0.88,0.4601,5.0,0.38636363636363646,-0.09830657576424018,0.021463414634146343,0.21761517615176154
APD,Air Products,Materials,Industrial Gases,2026-09-17,287.08,0.21864,0.16227446973423842,1.3473468769183041,,,1.0,0.5660236279347989,0.03249999999999997,7570.0,13374.0,86.0,74.0,2026-10-16,29.0,270.0,-0.2136,2.15,3.0,2.575,0.2598,58.0,0.3300970873786408,-0.05949561097951783,0.009537037037037038,0.12003512132822479
APH,Amphenol,Information Technology,Electronic Components,2026-09-17,78.45,0.39494999999999997,0.3910850780009787,1.0098825606407096,,,1.0,1.1890000769763682,0.009699999999999986,154463.0,129910.0,18032.0,2562.0,2026-10-16,29.0,72.5,-0.2336,1.05,1.4,1.225,0.3977,3403.0,0.2857142857142856,-0.07584448693435308,0.016896551724137933,0.21266349583828778
APO,Apollo Global Management,Financials,Asset Management & Custody Banks,2026-09-17,126.0,0.35997999999999997,0.23253984522699045,1.5480357770454807,,,1.0,1.7718382880150019,0.020399999999999974,160626.0,90655.0,2261.0,698.0,2026-10-23,36.0,115.0,-0.2014,1.25,2.3,1.775,0.3853,5.0,0.5915492957746478,-0.08730158730158732,0.015434782608695652,0.15649154589371983
APP,AppLovin,Communication Services,Advertising,2026-09-17,320.99,0.53074,0.33741694466648486,1.5729500500474352,,,1.0,1.4298296695297714,-0.0042000000000000925,117858.0,82428.0,24399.0,24251.0,2026-10-23,36.0,285.0,-0.2096,4.6,8.5,6.55,0.5257,34.0,0.5954198473282444,-0.11212187295554377,0.022982456140350875,0.2330165692007797
APTV,Aptiv,Consumer Discretionary,Automotive Parts & Equipment,2026-09-17,43.895,0.38362999999999997,0.36001416582679346,1.065596958161275,,,1.0,0.9547936230618039,0.009199999999999986,13116.0,13737.0,392.0,608.0,2026-10-16,29.0,40.0,-0.1842,0.45,0.55,0.5,0.3957,289.0,0.20000000000000007,-0.08873448000911277,0.0125,0.15732758620689655
ARE,Alexandria Real Estate Equities,Real Estate,Office REITs,2026-09-17,55.99,0.38547,0.4518408435031077,0.853110128361711,,,1.0,1.00285368384642,0.0049000000000000155,23194.0,23128.0,823.0,1463.0,2026-10-16,29.0,50.0,-0.1681,0.4,0.7,0.55,0.4027,1784.0,0.5454545454545453,-0.10698338989105205,0.011000000000000001,0.13844827586206898
ARES,Ares Management,Financials,Asset Management & Custody Banks,2026-09-17,124.21,0.40064999999999995,0.26056482513756873,1.537621203431704,,,1.0,3.1619337390128464,0.0494,46765.0,14790.0,791.0,981.0,2026-10-23,36.0,110.0,-0.18,1.0,2.5,1.75,0.4463,0.0,0.8571428571428571,-0.11440302713147088,0.015909090909090907,0.16130050505050506
ATO,Atmos Energy,Utilities,Gas Utilities,2026-09-17,162.03,0.15878,0.1478777980140763,1.073724400365266,,,1.0,0.4328974535443909,0.038599999999999995,629.0,1453.0,64.0,11.0,2026-10-16,29.0,155.0,-0.2286,0.7,1.8,1.25,0.22,5.0,0.8800000000000001,-0.04338702709374809,0.008064516129032258,0.10150166852057842
AVGO,Broadcom,Information Technology,Semiconductors,2026-09-17,348.01,0.34212000000000004,0.34715708568980175,0.9854904713242623,,,1.0,1.260769210337592,0.012799999999999978,949334.0,752980.0,104267.0,184157.0,2026-10-23,36.0,320.0,-0.2105,4.65,5.0,4.825,0.356,445.0,0.07253886010362687,-0.08048619292549064,0.015078125000000001,0.15287543402777778
AVY,Avery Dennison,Materials,Paper & Plastic Packaging Products & Materials,2026-09-17,171.09,0.23367000000000002,0.22618379006262207,1.0330979065091503,,,1.0,0.6692573402417962,0.039500000000000035,775.0,1158.0,6.0,4.0,2026-10-16,29.0,160.0,-0.1908,1.05,1.55,1.3,0.281,55.0,0.3846153846153846,-0.06481968554561923,0.008125,0.10226293103448277
AWK,American Water Works,Utilities,Water Utilities,2026-09-17,137.76,0.19932,0.19590292670986945,1.0174426862707937,,,1.0,0.5538791179358986,0.03340000000000001,6204.0,11201.0,61.0,153.0,2026-10-16,29.0,130.0,-0.1743,0.4,1.3,0.8500000000000001,0.2348,73.0,1.0588235294117647,-0.05632984901277582,0.006538461538461539,0.08229442970822283
AXON,Axon Enterprise,Industrials,Aerospace & Defense,2026-09-17,473.0,0.59006,0.7070066502003782,0.8345890379288039,,,1.0,1.2348417004688406,0.018500000000000072,23441.0,18983.0,1890.0,1813.0,2026-10-23,36.0,410.0,-0.2095,7.4,15.9,11.65,0.6064,65.0,0.7296137339055794,-0.13319238900634245,0.028414634146341464,0.2880928184281843
AXP,American Express,Financials,Consumer Finance,2026-09-17,312.58,0.24303999999999998,0.1930486876399281,1.2589570173785123,,,1.0,0.9652244151813708,0.02180000000000004,90817.0,94089.0,6262.0,4064.0,2026-10-23,36.0,290.0,-0.1914,2.76,3.5,3.13,0.2957,34.0,0.2364217252396167,-0.07223750719815725,0.010793103448275861,0.10943007662835248
AZO,AutoZone,Consumer Discretionary,Automotive Retail,2026-09-17,2848.219,0.42279000000000005,0.2705135821845782,1.5629159785090563,,,1.0,1.670761175996778,0.0131,8297.0,4966.0,456.0,611.0,2026-10-16,29.0,2580.0,-0.1994,30.0,49.7,39.85,0.4414,3.0,0.4943538268506901,-0.09417077830040455,0.015445736434108528,0.194403234429297
BA,Boeing,Industrials,Aerospace & Defense,2026-09-17,197.5848,0.30672,0.21181260949264924,1.4480724293736837,,,1.0,1.1746857092306633,-0.006299999999999972,358527.0,305211.0,80808.0,77519.0,2026-10-23,36.0,185.0,-0.2271,2.26,3.0,2.63,0.3004,5274.0,0.28136882129277574,-0.06369315858304891,0.014216216216216215,0.14413663663663664
BAC,Bank of America,Financials,Diversified Banks,2026-09-17,58.2341,0.25378,0.24706065141702507,1.0271971620913158,,,1.0,1.1012385764759292,0.020000000000000018,1115841.0,1013260.0,65039.0,94808.0,2026-10-23,36.0,55.0,-0.2254,0.61,0.72,0.665,0.269,114.0,0.16541353383458643,-0.05553618927741644,0.012090909090909091,0.12258838383838383
BALL,Ball Corporation,Materials,"Metal, Glass & Plastic Containers",2026-09-17,61.26,0.22105,0.17758605324218893,1.2447486498195648,,,1.0,1.0027397260273974,0.025999999999999995,11346.0,11315.0,12.0,1929.0,2026-10-16,29.0,57.5,-0.1922,0.05,0.75,0.4,0.25,39.0,1.7499999999999998,-0.06137773424746973,0.006956521739130435,0.08755622188905547
BAX,Baxter International,Health Care,Health Care Equipment,2026-09-17,23.02,0.35319,0.22759243203495216,1.5518530068950596,,,1.0,0.6118325588229891,0.009299999999999975,33310.0,54443.0,298.0,2293.0,2026-10-23,36.0,21.0,-0.2109,0.05,0.6,0.325,0.3913,7.0,1.692307692307692,-0.08774978279756729,0.015476190476190477,0.15691137566137567
BBY,Best Buy,Consumer Discretionary,Computer & Electronics Retail,2026-09-17,94.39,0.3482,0.43869843204872566,0.7937115215431768,,,1.0,0.9849349615078312,-0.03589999999999999,44523.0,45204.0,1579.0,3666.0,2026-10-23,36.0,87.0,-0.2074,0.05,1.9,0.975,0.3244,1.0,1.8974358974358974,-0.07829219196948833,0.011206896551724138,0.11362547892720307
BDX,Becton Dickinson,Health Care,Health Care Equipment,2026-09-17,181.85,0.25869,0.25835330635185166,1.0013032294918254,,,1.0,0.4234392794285123,0.021100000000000008,4090.0,9659.0,607.0,34.0,2026-10-16,29.0,170.0,-0.1826,1.0,1.85,1.425,0.2811,48.0,0.5964912280701755,-0.06516359637063507,0.008382352941176471,0.10550202839756592
BEN,Franklin Resources,Financials,Asset Management & Custody Banks,2026-09-17,33.125,0.27386,0.2172745320382068,1.2604330449177674,,,1.0,0.38063776345964834,0.031399999999999983,6971.0,18314.0,114.0,91.0,2026-10-16,29.0,31.0,-0.2411,0.05,0.8,0.42500000000000004,0.316,623.0,1.764705882352941,-0.0641509433962264,0.01370967741935484,0.17255283648498335
BF-B,Brown–Forman,Consumer Staples,Distillers & Vintners,2026-09-17,25.8,0.30519999999999997,0.31410945559088604,0.9716358249256583,,,1.0,0.6298133285237623,0.0,6984.0,11089.0,138.0,31.0,2026-10-16,29.0,25.0,-0.3412,0.35,0.7,0.5249999999999999,0.3112,482.0,0.6666666666666667,-0.03100775193798455,0.020999999999999998,0.2643103448275862
BG,Bunge Global,Consumer Staples,Agricultural Products & Services,2026-09-17,117.13,0.36349,0.3487111918171668,1.0423812270143078,,,1.0,0.5871994314368065,0.10880000000000001,14872.0,25327.0,422.0,198.0,2026-10-16,29.0,105.0,-0.1588,0.25,2.35,1.3,0.4257,1074.0,1.6153846153846154,-0.10356014684538539,0.012380952380952381,0.15582922824302134
BIIB,Biogen,Health Care,Biotechnology,2026-09-17,216.01,0.3256,0.2996496558656672,1.0866022824533672,,,1.0,0.6618735462042715,0.008799999999999975,15650.0,23645.0,435.0,1011.0,2026-10-23,36.0,195.0,-0.1836,0.05,4.1,2.0749999999999997,0.3473,0.0,1.9518072289156627,-0.09726401555483544,0.010641025641025639,0.10788817663817661
BKNG,Booking Holdings,Consumer Discretionary,"Hotels, Resorts & Cruise Lines",2026-09-17,171.24,0.35485,0.37018318128422356,0.9585794761635837,,,1.0,1.1180079481347784,0.020600000000000007,276262.0,247102.0,13469.0,5504.0,2026-10-23,36.0,155.0,-0.1821,1.15,2.5,1.825,0.3572,128.0,0.7397260273972603,-0.09483765475356232,0.011774193548387097,0.11937724014336919
BKR,Baker Hughes,Energy,Oil & Gas Equipment & Services,2026-09-17,56.565,0.32402000000000003,0.3097444496058463,1.0460881556144737,,,1.0,0.7023861470270767,0.014399999999999968,30584.0,43543.0,709.0,1270.0,2026-10-16,29.0,50.0,-0.1094,0.15,0.3,0.22499999999999998,0.3413,229.0,0.6666666666666667,-0.11606116856713511,0.0045,0.05663793103448275
BLDR,Builders FirstSource,Industrials,Building Products,2026-09-17,57.77,0.55768,0.4565384809087231,1.221539965021039,,,1.0,1.6438416583967361,0.005599999999999938,14908.0,9069.0,746.0,224.0,2026-10-16,29.0,50.0,-0.1596,0.75,0.95,0.85,0.577,156.0,0.23529411764705876,-0.1344988748485374,0.017,0.2139655172413793
BLK,BlackRock,Financials,Asset Management & Custody Banks,2026-09-17,1037.24,0.29829,0.20307371725424558,1.468875460759626,,,1.0,0.8319209864999123,0.022699999999999998,14235.0,17111.0,1289.0,1095.0,2026-10-23,36.0,960.0,-0.1991,7.4,15.5,11.45,0.3196,0.0,0.7074235807860262,-0.07446685434422118,0.011927083333333333,0.12092737268518519
BMY,Bristol Myers Squibb,Health Care,Pharmaceuticals,2026-09-17,62.84,0.25332,0.23407581228750649,1.0822134825654544,,,1.0,0.8557943606642534,0.0363,316317.0,369618.0,31978.0,6169.0,2026-10-23,36.0,58.0,-0.1827,0.43,1.0,0.715,0.3059,6.0,0.7972027972027973,-0.07702100572883519,0.012327586206896552,0.12498802681992337
BNY,BNY Mellon,Financials,Asset Management & Custody Banks,2026-09-17,154.67,0.28216,0.2105104270765373,1.3403611589150042,,,1.0,1.7528340640676225,0.017600000000000005,88753.0,50634.0,732.0,3738.0,2026-10-16,29.0,145.0,-0.2129,1.45,1.9,1.6749999999999998,0.3035,185.0,0.26865671641791045,-0.06252020430594163,0.011551724137931034,0.14539239001189058
BR,Broadridge Financial Solutions,Industrials,Data Processing & Outsourced Services,2026-09-17,170.25,0.31242000000000003,0.30850513087840425,1.012689802307174,,,1.0,0.48304535637149026,0.05760000000000004,4473.0,9260.0,24.0,281.0,2026-10-16,29.0,155.0,-0.1707,0.2,3.5,1.85,0.3819,5.0,1.7837837837837835,-0.08957415565345084,0.011935483870967743,0.15022246941045606
BRK-B,Berkshire Hathaway,Financials,Multi-Sector Holdings,2026-09-17,509.45,0.1307,0.09636088400060387,1.3563594954066729,,,1.0,0.7017477964743589,0.014500000000000013,196175.0,279552.0,11308.0,22504.0,2026-10-23,36.0,490.0,-0.183,2.1,2.68,2.39,0.1526,71.0,0.24267782426778245,-0.03817842771616442,0.004877551020408164,0.04945294784580499
BRO,Brown & Brown,Financials,Insurance Brokers,2026-09-17,65.41,0.29225,0.31905133218895854,0.9159968021287389,,,1.0,0.531804899977523,0.126,2366.0,4449.0,0.0,0.0,2026-10-16,29.0,60.0,-0.2014,0.25,2.0,1.125,0.4513,10.0,1.5555555555555556,-0.08270906589206539,0.01875,0.23599137931034483
BSX,Boston Scientific,Health Care,Health Care Equipment,2026-09-17,43.7091,0.37527,0.4747778175011527,0.7904118224712318,,,1.0,1.3166623020829136,0.004400000000000015,261447.0,198568.0,27107.0,11440.0,2026-10-23,36.0,40.0,-0.2126,0.6,0.75,0.675,0.3861,26.0,0.22222222222222224,-0.08485875938877718,0.016875,0.17109375000000002
BX,Blackstone Inc.,Financials,Asset Management & Custody Banks,2026-09-17,125.5683,0.36859000000000003,0.30576720565838755,1.2054595560905248,,,1.0,2.0858034766123343,0.025000000000000022,292657.0,140309.0,24525.0,5789.0,2026-10-23,36.0,114.0,-0.2023,1.5,2.63,2.065,0.4106,0.0,0.5472154963680387,-0.09212755130076611,0.018114035087719298,0.18365618908382067
BXP,"BXP, Inc.",Real Estate,Office REITs,2026-09-17,64.04,0.27027,0.2776172984510527,0.9735344357428501,,,1.0,0.7565477848983003,-0.0025000000000000022,10861.0,14356.0,824.0,23.0,2026-10-16,29.0,60.0,-0.2462,0.15,1.65,0.8999999999999999,0.3186,132.0,1.6666666666666667,-0.06308557151780148,0.014999999999999998,0.18879310344827582
C,Citigroup,Financials,Diversified Banks,2026-09-17,132.43,0.31088,0.23169452501540583,1.3417667076048905,,,1.0,1.0676683358207175,0.015400000000000025,402764.0,377237.0,28830.0,35595.0,2026-10-23,36.0,123.0,-0.206,1.3,1.96,1.63,0.3269,8.0,0.4049079754601227,-0.07120743034055732,0.013252032520325202,0.1343608852755194
CAH,Cardinal Health,Health Care,Health Care Distributors,2026-09-17,232.54,0.24366,0.23372692891950395,1.0424986163400838,,,1.0,0.6397418165053019,0.027400000000000035,13876.0,21690.0,138.0,237.0,2026-10-23,36.0,215.0,-0.183,1.2,2.7,1.9500000000000002,0.2791,3.0,0.7692307692307693,-0.07542788337490325,0.009069767441860466,0.09195736434108528
CARR,Carrier Global,Industrials,Building Products,2026-09-17,54.5,0.32347000000000004,0.2294910991854305,1.409510003429954,,,1.0,4.38942411945107,-0.014900000000000024,141695.0,32281.0,3893.0,3234.0,2026-10-23,36.0,50.0,-0.2111,0.35,0.9,0.625,0.3354,13.0,0.8800000000000001,-0.08256880733944949,0.0125,0.1267361111111111
CASY,Casey's,Consumer Staples,Food Retail,2026-09-17,593.0,0.33277,0.6137072247385106,0.5422292366556174,,,1.0,0.8847488308945543,-0.028000000000000025,5865.0,6629.0,583.0,933.0,2026-10-16,29.0,550.0,-0.213,3.2,9.0,6.1,0.3161,33.0,0.9508196721311476,-0.07251264755480602,0.01109090909090909,0.1395924764890282
CAT,Caterpillar Inc.,Industrials,Construction Machinery & Heavy Transportation Equipment,2026-09-17,796.748,0.35243,0.27517358669941394,1.2807551924850156,,,1.0,1.12595585499938,0.022799999999999987,108961.0,96772.0,15430.0,10030.0,2026-10-23,36.0,730.0,-0.1927,7.4,13.4,10.4,0.3704,17.0,0.5769230769230769,-0.08377554760099815,0.014246575342465755,0.14444444444444446
CB,Chubb Limited,Financials,Property & Casualty Insurance,2026-09-17,341.53,0.18949000000000002,0.17026625985141378,1.1129039902876954,,,1.0,0.6925422049464578,0.0040000000000000036,18173.0,26241.0,6189.0,701.0,2026-10-16,29.0,325.0,-0.1838,0.55,2.6,1.5750000000000002,0.1892,129.0,1.3015873015873014,-0.048399847743975544,0.004846153846153846,0.060994694960212203
CBOE,Cboe Global Markets,Financials,Financial Exchanges & Data,2026-09-17,270.43,0.37226,0.4019513832034888,0.9261319043938767,,,1.0,0.7250100847115772,0.01849999999999996,17973.0,24790.0,2547.0,1547.0,2026-10-23,36.0,245.0,-0.1858,2.6,5.9,4.25,0.4201,1.0,0.7764705882352941,-0.09403542506378737,0.017346938775510204,0.17587868480725624
CBRE,CBRE Group,Real Estate,Real Estate Services,2026-09-17,138.56,0.33244,0.36917667423446276,0.9004902617137414,,,1.0,0.299281278347638,0.02100000000000002,8578.0,28662.0,93.0,270.0,2026-10-16,29.0,130.0,-0.2401,1.8,2.35,2.075,0.3564,15.0,0.26506024096385544,-0.06177829099307164,0.015961538461538465,0.20089522546419103
CCI,Crown Castle,Real Estate,Telecom Tower REITs,2026-09-17,73.5,0.28386,0.21272818209772767,1.3343789111571227,,,1.0,0.847683033454512,-0.0022000000000000353,18421.0,21731.0,261.0,19352.0,2026-10-16,29.0,67.5,-0.1588,0.45,0.65,0.55,0.3122,426.0,0.36363636363636365,-0.08163265306122447,0.00814814814814815,0.10255427841634739
CCL,Carnival Corporation,Consumer Discretionary,"Hotels, Resorts & Cruise Lines",2026-09-17,22.26,0.46908,0.3047436067578713,1.5392611677419021,,,1.0,2.0777021291339675,0.02939999999999998,599656.0,288615.0,80709.0,38355.0,2026-10-23,36.0,20.0,-0.2134,0.32,0.57,0.44499999999999995,0.4821,79.0,0.5617977528089887,-0.10152740341419597,0.02225,0.22559027777777776
CDNS,Cadence Design Systems,Information Technology,Application Software,2026-09-17,280.2,0.37476,0.455717460807918,0.8223516372087374,,,1.0,1.3140495867768596,0.008099999999999996,28461.0,21659.0,2192.0,854.0,2026-10-23,36.0,255.0,-0.1983,1.85,5.9,3.875,0.3938,31.0,1.0451612903225809,-0.08993576017130622,0.015196078431372549,0.15407135076252723
CDW,CDW Corporation,Information Technology,Technology Distributors,2026-09-17,149.96,0.40326,0.5427086361879828,0.743050641007893,,,1.0,0.6347706364603543,0.07200000000000001,10143.0,15979.0,157.0,165.0,2026-10-16,29.0,135.0,-0.1908,1.9,3.0,2.45,0.4844,82.0,0.4489795918367347,-0.09975993598292887,0.01814814814814815,0.22841634738186462
CEG,Constellation Energy,Utilities,Electric Utilities,2026-09-17,263.1,0.41115999999999997,0.4081939705263378,1.007266225588383,,,1.0,1.9696231071570032,0.018899999999999972,129290.0,65642.0,5902.0,5800.0,2026-10-23,36.0,240.0,-0.2206,3.2,6.0,4.6,0.4216,13.0,0.6086956521739131,-0.08779931584948697,0.019166666666666665,0.1943287037037037
CF,CF Industries,Materials,Fertilizers & Agricultural Chemicals,2026-09-17,132.88,0.44198,0.39194350922381416,1.1276625064547583,,,1.0,0.6935800571989584,-0.01749999999999996,32497.0,46854.0,668.0,917.0,2026-10-23,36.0,118.0,-0.1955,1.15,2.6,1.875,0.4313,3.0,0.7733333333333334,-0.11198073449729073,0.015889830508474576,0.16110522598870056
CFG,Citizens Financial Group,Financials,Regional Banks,2026-09-17,66.84,0.27878000000000003,0.22657668555003158,1.2304002034597736,,,1.0,0.3939877021179686,-0.00029999999999996696,8650.0,21955.0,246.0,757.0,2026-10-16,29.0,62.5,-0.2154,0.5,0.95,0.725,0.3154,392.0,0.6206896551724137,-0.06493117893476963,0.0116,0.146
CHD,Church & Dwight,Consumer Staples,Household Products,2026-09-17,95.51,0.22816,0.2046031471605372,1.115134362136568,,,1.0,0.48530386740331494,0.04769999999999999,2196.0,4525.0,8.0,26.0,2026-10-16,29.0,90.0,-0.1941,0.7,1.0,0.85,0.2697,118.0,0.3529411764705883,-0.05769029421003047,0.009444444444444445,0.11886973180076629
CHRW,C.H. Robinson,Industrials,Air Freight & Logistics,2026-09-17,153.47,0.33252000000000004,0.287464009083382,1.156736111279757,,,1.0,0.3479903485935615,0.032799999999999996,10961.0,31498.0,702.0,277.0,2026-10-16,29.0,140.0,-0.1676,0.95,2.25,1.6,0.3728,30.0,0.8125,-0.0877695966638431,0.011428571428571429,0.1438423645320197
CHTR,Charter Communications,Communication Services,Cable & Satellite,2026-09-17,137.0,0.51855,0.6342545558920142,0.817573945954101,,,1.0,0.9777099466772182,-0.0033000000000000806,51890.0,53073.0,2465.0,929.0,2026-10-23,36.0,120.0,-0.2222,0.75,5.5,3.125,0.5428,53.0,1.52,-0.12408759124087587,0.026041666666666668,0.2640335648148148
CI,Cigna,Health Care,Health Care Services,2026-09-17,281.5,0.28112,0.2144978934570071,1.3105956215665413,,,1.0,0.6523761463864145,0.013400000000000023,29734.0,45578.0,359.0,598.0,2026-10-23,36.0,260.0,-0.2027,1.05,4.6,2.8249999999999997,0.2984,4.0,1.2566371681415929,-0.07637655417406752,0.010865384615384614,0.11016292735042733
CIEN,Ciena,Information Technology,Communications Equipment,2026-09-17,348.53,0.62468,0.7390659481122056,0.8452290375380149,,,1.0,1.289266449361064,0.03949999999999998,44695.0,34667.0,5044.0,6790.0,2026-10-23,36.0,300.0,-0.1932,7.0,9.9,8.45,0.6566,30.0,0.34319526627218944,-0.13924195908530101,0.028166666666666663,0.28557870370370364
CINF,Cincinnati Financial,Financials,Property & Casualty Insurance,2026-09-17,170.77,0.19870000000000002,0.15914056138491464,1.2485817460414923,,,1.0,0.23645784267545925,0.03839999999999999,1506.0,6369.0,1.0,75.0,2026-10-16,29.0,160.0,-0.1876,0.9,1.7,1.3,0.2602,7.0,0.6153846153846153,-0.06306728348070512,0.008125,0.10226293103448277
CL,Colgate-Palmolive,Consumer Staples,Household Products,2026-09-17,87.58,0.20663,0.15609930715947729,1.323708629846118,,,1.0,0.7654362904399282,0.004799999999999999,31562.0,41234.0,450.0,612.0,2026-10-23,36.0,82.0,-0.1848,0.2,0.95,0.575,0.2269,3.0,1.3043478260869565,-0.06371317652432062,0.007012195121951219,0.07109586720867207
CLX,Clorox,Consumer Staples,Household Products,2026-09-17,85.0,0.3206,0.251861898902855,1.2729198080240705,,,1.0,1.1862371202997457,0.002799999999999969,35459.0,29892.0,4502.0,3527.0,2026-10-16,29.0,80.0,-0.2266,1.0,1.05,1.025,0.3172,1117.0,0.0487804878048781,-0.05882352941176472,0.0128125,0.16126077586206894
CMCSA,Comcast,Communication Services,Cable & Satellite,2026-09-17,22.99,0.30338,0.3363088798276913,0.9020873910776233,,,1.0,0.4536459809199962,0.006099999999999994,192110.0,423480.0,31931.0,11993.0,2026-10-23,36.0,21.0,-0.2294,0.28,0.46,0.37,0.3665,13.0,0.48648648648648646,-0.08655937364071331,0.017619047619047618,0.17863756613756612
CME,CME Group,Financials,Financial Exchanges & Data,2026-09-17,272.38,0.24285,0.22594829609963352,1.0748034138434643,,,1.0,1.1123203678865683,0.02310000000000001,29026.0,26095.0,696.0,545.0,2026-10-23,36.0,255.0,-0.1991,2.5,3.8,3.15,0.2973,17.0,0.4126984126984127,-0.06380791541229158,0.012352941176470587,0.12524509803921569
CMG,Chipotle Mexican Grill,Consumer Discretionary,Restaurants,2026-09-17,33.65,0.35826,0.40480550517798236,0.8850176082523445,,,1.0,1.075476740546946,0.013000000000000012,305843.0,284379.0,43006.0,21218.0,2026-10-23,36.0,31.0,-0.2229,0.46,0.6,0.53,0.3713,344.0,0.2641509433962263,-0.07875185735512624,0.017096774193548388,0.17334229390681002
CMI,Cummins,Industrials,Construction Machinery & Heavy Transportation Equipment,2026-09-17,523.915,0.31536000000000003,0.22919679329358872,1.3759354808949744,,,1.0,1.3153678077203204,0.009800000000000031,10836.0,8238.0,2873.0,554.0,2026-10-16,29.0,490.0,-0.2071,4.8,6.4,5.6,0.3183,34.0,0.2857142857142858,-0.06473378315184708,0.011428571428571429,0.1438423645320197
CMS,CMS Energy,Utilities,Multi-Utilities,2026-09-17,65.99,0.16043,0.1266336576344463,1.2668827782193077,,,1.0,0.2785931874826918,,1006.0,3611.0,11.0,668.0,2026-10-16,29.0,70.0,-0.8696,3.0,4.8,3.9,0.0,315.0,0.4615384615384615,0.06076678284588577,0.055714285714285716,0.701231527093596
CNC,Centene Corporation,Health Care,Managed Health Care,2026-09-17,66.0,0.43895,0.3055716105597764,1.436488158032377,,,1.0,0.6033194770769323,0.043899999999999995,60087.0,99594.0,1784.0,4478.0,2026-10-23,36.0,59.0,-0.1903,0.53,1.8,1.165,0.4754,8.0,1.090128755364807,-0.10606060606060608,0.019745762711864408,0.20020009416195858
CNP,CenterPoint Energy,Utilities,Multi-Utilities,2026-09-17,38.56,0.20452,0.19637065871593723,1.041499790943062,,,1.0,0.17759671813571876,0.017100000000000004,3117.0,17551.0,116.0,36.0,2026-10-16,29.0,37.0,-0.2544,0.15,0.55,0.35000000000000003,0.2245,9.0,1.1428571428571428,-0.04045643153526979,0.00945945945945946,0.1190587138863001
COF,Capital One,Financials,Consumer Finance,2026-09-17,205.2,0.299,0.2430822119823951,1.2300365278132925,,,1.0,0.93473624517672,0.023899999999999977,75823.0,81117.0,2674.0,2990.0,2026-10-23,36.0,185.0,-0.1886,1.85,3.1,2.475,0.3641,41.0,0.5050505050505051,-0.09844054580896677,0.013378378378378379,0.1356418918918919
COHR,Coherent Corp.,Information Technology,Electronic Components,2026-09-17,295.5,0.71097,0.7787451554527092,0.9129687613744327,,,1.0,1.5147893356175384,-0.055400000000000005,113179.0,74716.0,11942.0,12815.0,2026-10-23,36.0,250.0,-0.1952,5.9,11.2,8.55,0.6809,47.0,0.6198830409356724,-0.1539763113367174,0.0342,0.34675
COIN,Coinbase,Financials,Financial Exchanges & Data,2026-09-17,172.2369,0.6065200000000001,0.9661196777910878,0.627789717922662,,,1.0,1.1332208995577022,0.006599999999999939,345374.0,304772.0,53309.0,88570.0,2026-10-23,36.0,150.0,-0.19,2.75,4.9,3.825,0.6163,334.0,0.562091503267974,-0.12910648066703467,0.025500000000000002,0.25854166666666667
COO,Cooper Companies (The),Health Care,Health Care Supplies,2026-09-17,54.03,0.27494,0.6234374481341366,0.4410065529795459,,,1.0,1.177706598334401,0.0015999999999999903,9192.0,7805.0,5335.0,1091.0,2026-10-16,29.0,50.0,-0.1788,0.3,0.5,0.4,0.2902,576.0,0.5,-0.07458819174532672,0.008,0.1006896551724138
COP,ConocoPhillips,Energy,Oil & Gas Exploration & Production,2026-09-17,133.19,0.30557,0.29061895273398675,1.051445534179247,,,1.0,0.5909191461121557,0.0121,106850.0,180820.0,6523.0,6645.0,2026-10-23,36.0,123.0,-0.1959,1.09,1.75,1.42,0.315,10.0,0.4647887323943662,-0.07650724528868535,0.01154471544715447,0.11705058717253837
COR,Cencora,Health Care,Health Care Distributors,2026-09-17,323.29,0.2256,0.20046963019119812,1.1253574907323056,,,1.0,0.540091231626964,0.023900000000000005,5328.0,9865.0,102.0,35.0,2026-10-16,29.0,300.0,-0.1564,1.75,2.4,2.075,0.2701,17.0,0.3132530120481927,-0.0720405827585141,0.006916666666666667,0.08705459770114944
COST,Costco,Consumer Staples,Consumer Staples Merchandise Retail,2026-09-17,893.2,0.22895,0.20208414673220268,1.1329438934336562,,,1.0,1.2216278117241899,0.004200000000000009,146147.0,119633.0,27158.0,23280.0,2026-10-23,36.0,845.0,-0.1976,4.65,8.15,6.4,0.2202,33.0,0.546875,-0.053963278101209156,0.007573964497041421,0.07679158448389217
CPAY,Corpay,Financials,Transaction & Payment Processing Services,2026-09-17,396.516,0.23912,0.18398651632732724,1.2996604575880208,,,1.0,0.18064398762961614,0.02049999999999999,993.0,5497.0,17.0,7.0,2026-10-16,29.0,380.0,-0.2184,0.55,6.7,3.625,0.2658,5.0,1.696551724137931,-0.04165279585186987,0.009539473684210526,0.12006578947368421
CPRT,Copart,Industrials,Diversified Support Services,2026-09-17,29.73,0.30461,0.46285409630347113,0.6581123564266392,,,1.0,0.723006989588934,0.018500000000000016,44376.0,61377.0,4934.0,1747.0,2026-10-16,29.0,27.5,-0.1891,0.25,0.35,0.3,0.3372,317.0,0.33333333333333326,-0.07500840901446348,0.010909090909090908,0.1373040752351097
CPT,Camden Property Trust,Real Estate,Multi-Family Residential REITs,2026-09-17,101.6,0.19728,0.1316866833919261,1.49810136392345,,,1.0,0.7457763475462591,0.0020000000000000018,927.0,1243.0,10.0,8.0,2026-10-16,29.0,95.0,-0.2147,0.55,1.05,0.8,0.255,11.0,0.625,-0.06496062992125984,0.008421052631578947,0.10598911070780398
CRH,CRH plc,Materials,Construction Materials,2026-09-17,88.98,0.33623,0.2805214479007299,1.1985892790592754,,,1.0,0.9613512531783509,0.021699999999999997,13233.0,13765.0,260.0,780.0,2026-10-23,36.0,81.0,-0.1965,0.4,1.8,1.1,0.3588,0.0,1.2727272727272725,-0.08968307484828053,0.013580246913580249,0.1376886145404664
CRL,Charles River Laboratories,Health Care,Life Sciences Tools & Services,2026-09-17,273.41,0.46456000000000003,0.29602121109026813,1.5693470014834106,,,1.0,0.7018538713195202,0.00610000000000005,3218.0,4585.0,1385.0,236.0,2026-10-16,29.0,250.0,-0.2342,3.8,6.8,5.3,0.4776,2.0,0.5660377358490566,-0.08562232544530202,0.0212,0.26682758620689656
CRM,Salesforce,Information Technology,Application Software,2026-09-17,243.58,0.38342,0.7954079314710417,0.48204196215506195,,,1.0,1.104548197554391,0.0116,347767.0,314850.0,37751.0,38432.0,2026-10-23,36.0,220.0,-0.1884,3.05,3.45,3.25,0.3967,57.0,0.12307692307692318,-0.09680597750225806,0.014772727272727272,0.1497790404040404
CRWD,CrowdStrike,Information Technology,Systems Software,2026-09-17,245.7,0.54481,1.004727786347937,0.5422463749910988,,,1.0,0.5674306511902419,0.01319999999999999,242277.0,426972.0,66889.0,73502.0,2026-10-23,36.0,215.0,-0.1916,4.65,5.0,4.825,0.5516,75.0,0.07253886010362687,-0.12494912494912491,0.02244186046511628,0.22753552971576227
CSCO,Cisco,Information Technology,Communications Equipment,2026-09-17,110.21,0.29018,0.22035896793341447,1.3168513299975304,,,1.0,0.8004998355804012,0.013500000000000012,365148.0,456150.0,13102.0,22765.0,2026-10-23,36.0,102.0,-0.194,1.01,1.27,1.1400000000000001,0.3005,7.0,0.22807017543859648,-0.07449414753652117,0.011176470588235295,0.1133169934640523
CSGP,CoStar Group,Real Estate,Real Estate Services,2026-09-17,29.36,0.49998,0.4362958315180734,1.1459655671252695,,,1.0,3.2685829366532406,-0.005600000000000049,35706.0,10924.0,234.0,177.0,2026-10-16,29.0,25.0,-0.134,0.2,0.35,0.275,0.5276,2202.0,0.5454545454545453,-0.1485013623978202,0.011000000000000001,0.13844827586206898
CSX,CSX Corporation,Industrials,Rail Transportation,2026-09-17,47.9,0.24481999999999998,0.180475721733867,1.3565259506817007,,,1.0,0.5794698904138739,0.03639999999999999,87143.0,150384.0,1079.0,4111.0,2026-10-23,36.0,44.0,-0.1624,0.05,0.75,0.4,0.2988,1.0,1.7499999999999998,-0.08141962421711901,0.009090909090909092,0.09217171717171718
CTAS,Cintas,Industrials,Diversified Support Services,2026-09-17,199.68,0.30278,0.16048556787123405,1.8866493979255268,,,1.0,0.9042444387624649,0.0040000000000000036,14146.0,15644.0,109.0,171.0,2026-10-23,36.0,185.0,-0.2119,0.6,3.9,2.25,0.3111,0.0,1.4666666666666666,-0.0735176282051282,0.012162162162162163,0.12331081081081081
CTSH,Cognizant,Information Technology,IT Consulting & Other Services,2026-09-17,61.95,0.41039000000000003,0.42910469066018625,0.9563866555935493,,,1.0,0.6752852845386967,-0.006300000000000028,27162.0,40223.0,502.0,1182.0,2026-10-16,29.0,57.5,-0.2424,0.9,1.3,1.1,0.4195,362.0,0.36363636363636365,-0.07183212267958039,0.0191304347826087,0.24077961019490257
CTVA,Corteva,Materials,Fertilizers & Agricultural Chemicals,2026-09-17,81.32,0.29052,0.2666370102203204,1.0895711730338757,,,1.0,0.3507266678340046,0.05379999999999996,6009.0,17133.0,0.0,28.0,2026-10-16,29.0,75.0,-0.1973,0.45,1.2,0.825,0.344,817.0,0.9090909090909092,-0.07771765863256264,0.011,0.13844827586206895
CVNA,Carvana,Consumer Discretionary,Automotive Retail,2026-09-17,65.9965,0.56537,0.5010434606993961,1.1283851488867092,,,1.0,1.1495819047017612,0.03620000000000001,309464.0,269197.0,15105.0,17252.0,2026-10-23,36.0,57.0,-0.1912,1.24,1.59,1.415,0.5999,0.0,0.24734982332155483,-0.13631783503670647,0.024824561403508773,0.25169346978557505
CVS,CVS Health,Health Care,Health Care Services,2026-09-17,92.05,0.29996,0.20969501899563633,1.4304583935121609,,,1.0,0.7600895651235567,0.06669999999999998,112700.0,148272.0,4737.0,5240.0,2026-10-23,36.0,87.0,-0.2939,0.16,3.4,1.78,0.32,12.0,1.8202247191011234,-0.054861488321564345,0.02045977011494253,0.20743933588761176
CVX,Chevron Corporation,Energy,Integrated Oil & Gas,2026-09-17,211.99,0.26005,0.21037139506384867,1.2361471478623491,,,1.0,0.6292330827067669,-0.005299999999999971,198759.0,315875.0,9547.0,24781.0,2026-10-23,36.0,200.0,-0.2305,2.24,2.55,2.395,0.2675,747.0,0.1294363256784967,-0.05655927166375774,0.011975,0.12141319444444444
D,Dominion Energy,Utilities,Multi-Utilities,2026-09-17,63.55,0.19498000000000001,0.12774563487008075,1.5263143840358822,,,1.0,0.44262968119667273,-0.00040000000000001146,24797.0,56022.0,489.0,501.0,2026-10-16,29.0,60.0,-0.1798,0.3,0.45,0.375,0.2302,353.0,0.4000000000000001,-0.05586152635719899,0.00625,0.07866379310344827
DAL,Delta Air Lines,Industrials,Passenger Airlines,2026-09-17,79.5,0.42605,0.26619964294406484,1.6004905013697697,,,1.0,0.520953792630341,0.012800000000000034,170106.0,326528.0,6549.0,15373.0,2026-10-23,36.0,71.0,-0.1876,0.7,1.51,1.105,0.4278,17.0,0.7330316742081449,-0.10691823899371067,0.01556338028169014,0.1577953834115806
DASH,DoorDash,Consumer Discretionary,Specialized Consumer Services,2026-09-17,194.06,0.4169,0.36918290311491647,1.1292505597699103,,,1.0,0.6288975959865976,0.024999999999999967,68697.0,109234.0,2900.0,751.0,2026-10-23,36.0,175.0,-0.2016,2.52,3.6,3.06,0.4346,12.0,0.35294117647058826,-0.09821704627434813,0.017485714285714285,0.17728571428571427
DD,DuPont,Industrials,Industrial Conglomerates,2026-09-17,127.57,0.28592,0.20704007047749967,1.380988710738836,,,1.0,0.30246697065357186,0.008400000000000019,2587.0,8553.0,54.0,105.0,2026-10-16,29.0,120.0,-0.2342,0.8,2.4,1.6,0.3201,39.0,0.9999999999999999,-0.059339970212432314,0.013333333333333334,0.167816091954023
DDOG,Datadog,Information Technology,Application Software,2026-09-17,236.665,0.54057,0.5824519495137492,0.9280937259310168,,,1.0,0.7324124302909965,0.02510000000000001,77093.0,105259.0,2932.0,4234.0,2026-10-23,36.0,210.0,-0.2148,4.7,5.85,5.275,0.5473,12.0,0.21800947867298567,-0.1126698075338558,0.02511904761904762,0.2546792328042328
DE,Deere & Company,Industrials,Agricultural & Farm Machinery,2026-09-17,685.54,0.30702,0.38478628273382615,0.7978974661432499,,,1.0,0.894785728012299,0.027099999999999957,27937.0,31222.0,1002.0,1510.0,2026-10-23,36.0,630.0,-0.1906,5.2,11.6,8.4,0.3369,9.0,0.7619047619047619,-0.08101642500802286,0.013333333333333334,0.13518518518518519
DECK,Deckers Brands,Consumer Discretionary,Footwear,2026-09-17,78.97,0.36335999999999996,0.3766930292417083,0.9646050544961026,,,1.0,1.4409457223675082,0.04299999999999998,26999.0,18737.0,873.0,1257.0,2026-10-23,36.0,70.0,-0.1997,0.6,2.3,1.45,0.4825,14.0,1.1724137931034482,-0.11358743826769657,0.020714285714285713,0.21001984126984125
DELL,Dell Technologies,Information Technology,"Technology Hardware, Storage & Peripherals",2026-09-17,589.6,0.61236,0.8771752040842474,0.6981045487250076,,,1.0,0.718947405465327,0.006700000000000039,163434.0,227324.0,105253.0,110459.0,2026-10-23,36.0,510.0,-0.201,12.5,15.0,13.75,0.6177,24.0,0.18181818181818182,-0.1350067842605156,0.02696078431372549,0.27335239651416127
DG,Dollar General,Consumer Staples,Consumer Staples Merchandise Retail,2026-09-17,124.335,0.32524000000000003,0.37016100560896337,0.8786446845337953,,,1.0,1.0811751565057017,0.03889999999999999,41622.0,38497.0,778.0,1230.0,2026-10-23,36.0,114.0,-0.1998,1.33,1.9,1.615,0.3489,1.0,0.35294117647058815,-0.08312221015804078,0.014166666666666666,0.14363425925925927
DGX,Quest Diagnostics,Health Care,Health Care Services,2026-09-17,247.08,0.25413,0.22477615955326302,1.1305914315160337,,,1.0,1.0313199105145414,0.010099999999999998,5532.0,5364.0,119.0,171.0,2026-10-16,29.0,230.0,-0.1936,1.35,2.7,2.0250000000000004,0.2826,1160.0,0.6666666666666666,-0.06912740812692253,0.008804347826086958,0.11081334332833585
DHI,D. R. Horton,Consumer Discretionary,Homebuilding,2026-09-17,141.9,0.32837000000000005,0.3062891546663884,1.0720915024159514,,,1.0,1.1781098175818132,0.017199999999999993,25704.0,21818.0,557.0,303.0,2026-10-23,36.0,130.0,-0.196,1.45,2.15,1.7999999999999998,0.3573,32.0,0.3888888888888889,-0.08386187455954897,0.013846153846153845,0.14038461538461539
DHR,Danaher Corporation,Health Care,Life Sciences Tools & Services,2026-09-17,212.55,0.29742,0.315822234745162,0.9417323015271207,,,1.0,0.6205911024459412,0.0020999999999999908,28011.0,45136.0,1132.0,9166.0,2026-10-23,36.0,195.0,-0.2075,1.95,3.4,2.675,0.3468,2.0,0.5420560747663552,-0.0825688073394496,0.013717948717948717,0.13908475783475782
DIS,Walt Disney Company (The),Communication Services,Movies & Entertainment,2026-09-17,105.41,0.23281,0.25026711514300254,0.9302460687532697,,,1.0,0.8569734885527884,0.014100000000000001,255882.0,298588.0,10634.0,14829.0,2026-10-23,36.0,99.0,-0.1927,0.67,1.09,0.8800000000000001,0.2501,2.0,0.47727272727272724,-0.060810169813110715,0.00888888888888889,0.09012345679012347
DLR,Digital Realty,Real Estate,Data Center REITs,2026-09-17,181.07,0.28128,0.3006282547817746,0.9356405977348354,,,1.0,2.7174022486994462,0.0247,32386.0,11918.0,758.0,1116.0,2026-10-23,36.0,165.0,-0.1982,0.85,3.6,2.225,0.3614,13.0,1.2359550561797752,-0.08875020710222559,0.013484848484848485,0.13672138047138047
DLTR,Dollar Tree,Consumer Staples,Consumer Staples Merchandise Retail,2026-09-17,113.22,0.34981,0.4440020103427533,0.7878567931031653,,,1.0,0.6268521122190738,0.0751,28980.0,46231.0,339.0,308.0,2026-10-23,36.0,104.0,-0.2066,1.43,3.6,2.515,0.455,0.0,0.8628230616302186,-0.0814343755520226,0.024182692307692308,0.24518563034188035
DOC,Healthpeak Properties,Real Estate,Health Care REITs,2026-09-17,20.32,0.20707,0.16977023099598218,1.2197073584997393,,,1.0,0.3559253714154094,0.0,6181.0,17366.0,66.0,55.0,2026-10-16,29.0,20.0,-0.4055,0.1,0.45,0.275,0.1683,153.0,1.2727272727272725,-0.015748031496062964,0.013750000000000002,0.17306034482758623
DOV,Dover Corporation,Industrials,Industrial Machinery & Supplies & Components,2026-09-17,188.36,0.23417000000000002,0.1951563077935102,1.19990997292165,,,1.0,0.2984446710861805,0.032800000000000024,2341.0,7844.0,32.0,34.0,2026-10-16,29.0,180.0,-0.2458,0.35,4.1,2.2249999999999996,0.2664,18.0,1.6853932584269664,-0.044383096198768346,0.01236111111111111,0.1555795019157088
DOW,Dow Inc.,Materials,Commodity Chemicals,2026-09-17,29.575,0.3926,0.34196770439362506,1.1480616296680874,,,1.0,1.438158807090778,0.02779999999999999,205336.0,142777.0,19451.0,6990.0,2026-10-23,36.0,26.0,-0.1688,0.33,0.53,0.43000000000000005,0.4754,44.0,0.46511627906976744,-0.1208791208791209,0.01653846153846154,0.16768162393162395
DPZ,Domino's,Consumer Discretionary,Restaurants,2026-09-17,301.7,0.41337,0.394613078106115,1.047532438569715,,,1.0,1.3809170683475467,0.011199999999999988,11173.0,8091.0,44.0,23.0,2026-10-16,29.0,270.0,-0.1641,2.6,4.1,3.3499999999999996,0.4346,78.0,0.44776119402985065,-0.10507126284388457,0.012407407407407407,0.15616219667943804
DRI,Darden Restaurants,Consumer Discretionary,Restaurants,2026-09-17,208.08,0.35473999999999994,0.33353498677589577,1.0635765783646318,,,1.0,0.9308740445330674,0.020199999999999996,8403.0,9027.0,67.0,512.0,2026-10-16,29.0,190.0,-0.1963,2.0,2.95,2.475,0.3804,58.0,0.3838383838383839,-0.08688965782391389,0.013026315789473684,0.16395190562613432
DTE,DTE Energy,Utilities,Multi-Utilities,2026-09-17,130.7,0.17957,0.13591406813682624,1.3212024513843912,,,1.0,0.19739067407586375,0.09659999999999999,817.0,4139.0,1.0,1722.0,2026-10-16,29.0,115.0,-0.0889,0.25,0.5,0.375,0.3051,33.0,0.6666666666666666,-0.12012241775057375,0.003260869565217391,0.04104197901049475
DUK,Duke Energy,Utilities,Electric Utilities,2026-09-17,117.45,0.17315000000000003,0.1373828959889083,1.2603461206261033,,,1.0,0.5459883236030025,0.029200000000000004,32732.0,59950.0,1580.0,2986.0,2026-10-16,29.0,110.0,-0.1263,0.4,0.5,0.45,0.2204,707.0,0.22222222222222215,-0.06343124733929328,0.004090909090909091,0.05148902821316615
DVA,DaVita,Health Care,Health Care Services,2026-09-17,193.86,0.29264,0.24725380563861288,1.183561155890655,,,1.0,0.6378024440631674,0.0017999999999999683,18215.0,28559.0,64.0,612.0,2026-10-16,29.0,180.0,-0.1869,0.5,2.25,1.375,0.2849,83.0,1.2727272727272727,-0.07149489322191283,0.007638888888888889,0.09614463601532566
DVN,Devon Energy,Energy,Oil & Gas Exploration & Production,2026-09-17,48.72,0.34671,0.2978933995912472,1.1638727157961077,,,1.0,0.6061820553986539,0.007499999999999951,155182.0,255999.0,4717.0,23432.0,2026-10-23,36.0,45.0,-0.2137,0.45,0.96,0.705,0.3596,9.0,0.723404255319149,-0.07635467980295563,0.015666666666666666,0.1588425925925926
DXCM,Dexcom,Health Care,Health Care Equipment,2026-09-17,87.2677,0.34857,0.2617684636121106,1.331596614772176,,,1.0,0.7988327034396977,0.13270000000000004,33396.0,41806.0,637.0,1599.0,2026-10-23,36.0,79.0,-0.1932,0.5,3.4,1.95,0.4922,0.0,1.4871794871794872,-0.09473951989109375,0.024683544303797468,0.2502637130801688
EBAY,eBay Inc.,Consumer Discretionary,Broadline Retail,2026-09-17,109.9,0.30526,0.27722022080395764,1.1011462263276648,,,1.0,0.6328083452648804,0.02749999999999997,30938.0,48890.0,119.0,373.0,2026-10-23,36.0,103.0,-0.2597,0.05,3.6,1.825,0.3394,1.0,1.945205479452055,-0.06278434940855326,0.01771844660194175,0.17964536138079829
ECHO,EchoStar,Communication Services,Wireless Telecommunication Services,2026-09-17,93.7,0.42548,0.27664959946129325,1.537974393704228,,,1.0,0.7465377855887522,-0.06030000000000002,148673.0,199150.0,1806.0,753.0,2026-10-23,36.0,84.0,-0.1949,0.75,1.7,1.225,0.4108,0.0,0.7755102040816325,-0.10352187833511206,0.014583333333333334,0.1478587962962963
ECL,Ecolab,Materials,Specialty Chemicals,2026-09-17,274.1461,0.21502,0.17792369575812333,1.208495580556661,,,1.0,0.4451656410688696,0.014800000000000008,5281.0,11863.0,1391.0,1066.0,2026-10-16,29.0,260.0,-0.1946,1.85,2.2,2.0250000000000004,0.2377,950.0,0.17283950617283952,-0.05160058815354296,0.00778846153846154,0.0980271883289125
ED,Consolidated Edison,Utilities,Multi-Utilities,2026-09-17,105.42,0.1582,0.13787739836395396,1.147396178613703,,,1.0,0.36984935755427556,0.0,3339.0,9028.0,32.0,204.0,2026-10-16,29.0,105.0,-0.4374,1.3,2.0,1.65,0.1664,179.0,0.42424242424242425,-0.003984063745019917,0.015714285714285712,0.19778325123152707
EFX,Equifax,Industrials,Research & Consulting Services,2026-09-17,163.8,0.40488999999999997,0.3950944403763106,1.0247929573859849,,,1.0,1.781887755102041,-0.024999999999999967,4191.0,2352.0,317.0,20.0,2026-10-16,29.0,150.0,-0.2156,1.75,2.8,2.275,0.4156,51.0,0.46153846153846145,-0.08424908424908428,0.015166666666666667,0.19089080459770116
EG,Everest Group,Financials,Reinsurance,2026-09-17,377.77,0.20853000000000002,0.19502222216192538,1.0692627624089897,,,1.0,0.14552550878171175,0.030200000000000005,522.0,3587.0,0.0,2.0,2026-10-16,29.0,360.0,-0.2298,2.0,4.6,3.3,0.2342,8.0,0.7878787878787878,-0.047039203748312386,0.009166666666666667,0.1153735632183908
EIX,Edison International,Utilities,Electric Utilities,2026-09-17,55.79,0.36723,1.070475352737479,0.34305320441138515,,,1.0,1.4450567802271208,0.02839999999999998,103836.0,71856.0,50110.0,8940.0,2026-10-16,29.0,50.0,-0.1842,0.55,0.7,0.625,0.3828,3527.0,0.23999999999999985,-0.10378203979207745,0.0125,0.15732758620689655
EL,Estée Lauder Companies (The),Consumer Staples,Personal Care Products,2026-09-17,95.64,0.353,0.6413762847594477,0.5503789403943972,,,1.0,0.7013581188302455,0.1447,68064.0,97046.0,3.0,24.0,2026-10-23,36.0,87.0,-0.2015,0.3,3.3,1.7999999999999998,0.4449,8.0,1.6666666666666667,-0.09033877038895854,0.02068965517241379,0.2097701149425287
ELV,Elevance Health,Health Care,Managed Health Care,2026-09-17,415.36,0.32217,0.2724938869855286,1.1823017520283292,,,1.0,0.8755325623858795,0.059699999999999975,14385.0,16430.0,83.0,6.0,2026-10-16,29.0,380.0,-0.1774,1.5,8.0,4.75,0.3812,362.0,1.368421052631579,-0.08513097072419107,0.0125,0.15732758620689655
EME,Emcor,Industrials,Construction & Engineering,2026-09-17,739.46,0.35651000000000005,0.38418132654320936,0.9279732651448974,,,1.0,0.6168279097038991,0.056900000000000006,2104.0,3411.0,52.0,28.0,2026-10-16,29.0,680.0,-0.2022,9.0,13.6,11.3,0.4136,15.0,0.4070796460176991,-0.08041002894003735,0.016617647058823532,0.2091531440162272
EMR,Emerson Electric,Industrials,Electrical Components & Equipment,2026-09-17,145.83,0.28659,0.25452364090661866,1.1259857786850773,,,1.0,0.4303706627435502,0.03219999999999995,23988.0,55738.0,304.0,911.0,2026-10-23,36.0,135.0,-0.2154,0.25,3.7,1.975,0.3384,0.0,1.7468354430379747,-0.07426455461839132,0.01462962962962963,0.14832818930041153
EOG,EOG Resources,Energy,Oil & Gas Exploration & Production,2026-09-17,144.2901,0.32793,0.28840405038793354,1.1370506050761073,,,1.0,0.5165041080094172,0.04169999999999996,43000.0,83252.0,3122.0,593.0,2026-10-23,36.0,132.0,-0.2036,1.55,2.3,1.9249999999999998,0.3576,0.0,0.3896103896103895,-0.0851763218682362,0.014583333333333332,0.14785879629629628
EQIX,Equinix,Real Estate,Data Center REITs,2026-09-17,1016.16,0.29463,0.2496869383088879,1.1799976482370615,,,1.0,1.9954467842914059,0.029100000000000015,14024.0,7028.0,110.0,69.0,2026-10-16,29.0,940.0,-0.1863,5.8,13.4,9.6,0.3236,13.0,0.7916666666666667,-0.07494882695638483,0.010212765957446808,0.12853998532648567
EQT,EQT Corporation,Energy,Oil & Gas Exploration & Production,2026-09-17,50.37,0.28898,0.21642197934525476,1.3352617921444778,,,1.0,1.9798016417639899,-0.0028000000000000247,229362.0,115851.0,34194.0,6331.0,2026-10-23,36.0,47.0,-0.2144,0.5,0.69,0.595,0.304,20654.0,0.3193277310924369,-0.06690490371252722,0.012659574468085105,0.12835401891252954
ERIE,Erie Indemnity,Financials,Insurance Brokers,2026-09-17,245.58,0.32610999999999996,0.3380342552244521,0.9647247134272398,,,1.0,0.16396194739787354,0.013899999999999968,293.0,1787.0,0.0,11.0,2026-10-16,29.0,230.0,-0.256,2.0,6.0,4.0,0.362,18.0,1.0,-0.06344164834269894,0.017391304347826087,0.21889055472263869
ES,Eversource Energy,Utilities,Electric Utilities,2026-09-17,67.86,0.20009,0.18281140556122774,1.094515954219198,,,1.0,0.33668341708542715,0.06090000000000001,2010.0,5970.0,49.0,64.0,2026-10-16,29.0,60.0,-0.1139,0.1,0.4,0.25,0.3113,126.0,1.2000000000000002,-0.11582670203359857,0.004166666666666667,0.05244252873563218
ESS,Essex Property Trust,Real Estate,Multi-Family Residential REITs,2026-09-17,271.34,0.20593,0.1688630504244823,1.2195089422010323,,,1.0,0.37956564659427444,-0.0012000000000000066,769.0,2026.0,6.0,2.0,2026-10-16,29.0,260.0,-0.2752,1.7,4.2,2.95,0.2224,18.0,0.847457627118644,-0.04179258494877269,0.011346153846153846,0.1428050397877984
ETN,Eaton Corporation,Industrials,Electrical Components & Equipment,2026-09-17,410.0,0.39446,0.43570449462698624,0.9053383769605214,,,1.0,1.1254794281729428,0.02529999999999999,51646.0,45888.0,1173.0,2652.0,2026-10-23,36.0,360.0,-0.1978,4.4,8.1,6.25,0.4214,37.0,0.5919999999999999,-0.12195121951219512,0.017361111111111112,0.1760223765432099
ETR,Entergy,Utilities,Electric Utilities,2026-09-17,102.32,0.20504999999999998,0.15832488101059522,1.2951217691821786,,,1.0,0.191446357830059,0.0,2368.0,12369.0,41.0,49.0,2026-10-16,29.0,105.0,-0.6536,2.7,5.3,4.0,0.23,29.0,0.6499999999999999,0.026192337763878193,0.0380952380952381,0.47947454844006576
EVRG,Evergy,Utilities,Electric Utilities,2026-09-17,80.39,0.17547999999999997,0.15719607363773533,1.1163128692667013,,,1.0,1.6383608985435696,0.1407,6637.0,4051.0,53.0,166.0,2026-10-16,29.0,75.0,-0.1672,0.15,1.7,0.9249999999999999,0.3297,7.0,1.6756756756756759,-0.06704814031595974,0.012333333333333333,0.15522988505747126
EW,Edwards Lifesciences,Health Care,Health Care Equipment,2026-09-17,89.2675,0.27152,0.259892421669915,1.0447399668500261,,,1.0,0.843599650094766,-0.0028000000000000247,23145.0,27436.0,317.0,3113.0,2026-10-16,29.0,82.5,-0.1706,0.2,0.95,0.575,0.2854,199.0,1.3043478260869565,-0.07581146553896989,0.0069696969696969695,0.08772204806687565
EXC,Exelon,Utilities,Electric Utilities,2026-09-17,42.66,0.19649999999999998,0.1565940613829504,1.2548368582091993,,,1.0,0.5473027920845758,0.05890000000000001,18171.0,33201.0,756.0,3632.0,2026-10-16,29.0,40.0,-0.1611,0.2,0.35,0.275,0.2559,48.0,0.5454545454545453,-0.062353492733239535,0.006875000000000001,0.08653017241379311
EXE,Expand Energy,Energy,Oil & Gas Exploration & Production,2026-09-17,88.66,0.30032,0.2430370453599425,1.2356963916970778,,,1.0,1.551256532923607,-0.019899999999999973,133270.0,85911.0,1820.0,937.0,2026-10-23,36.0,82.0,-0.1939,0.8,1.0,0.9,0.3053,0.0,0.22222222222222215,-0.07511842995713958,0.010975609756097562,0.11128048780487806
EXPD,Expeditors International,Industrials,Air Freight & Logistics,2026-09-17,189.04,0.20895,0.14531723750656642,1.4378886055452178,,,1.0,0.2810912008558438,0.12249999999999997,1051.0,3739.0,78.0,23.0,2026-10-16,29.0,170.0,-0.1207,0.15,1.45,0.7999999999999999,0.3077,1.0,1.6250000000000002,-0.10071942446043158,0.004705882352941176,0.05922920892494929
EXPE,Expedia Group,Consumer Discretionary,"Hotels, Resorts & Cruise Lines",2026-09-17,282.83,0.42473,0.4866082361280245,0.872837672004087,,,1.0,1.1583421442165363,0.02889999999999998,27389.0,23645.0,438.0,1919.0,2026-10-23,36.0,255.0,-0.203,3.3,6.4,4.85,0.4502,1.0,0.6391752577319589,-0.09839833115298935,0.019019607843137252,0.19283769063180825
EXR,Extra Space Storage,Real Estate,Self-Storage REITs,2026-09-17,136.43,0.20151,0.14259187881357527,1.4131940870451278,,,1.0,0.8901122625215889,0.031799999999999995,4123.0,4632.0,311.0,462.0,2026-10-16,29.0,130.0,-0.2121,0.55,2.1,1.3250000000000002,0.2611,1761.0,1.169811320754717,-0.04713039654035045,0.010192307692307693,0.1282824933687003
F,Ford Motor Company,Consumer Discretionary,Automobile Manufacturers,2026-09-17,13.63,0.31877,0.386849757919266,0.8240149915423394,,,1.0,1.048788917043544,0.00610000000000005,740467.0,706021.0,19200.0,43669.0,2026-10-23,36.0,12.5,-0.1923,0.13,0.18,0.155,0.34,315.0,0.32258064516129026,-0.08290535583272196,0.0124,0.1257222222222222
FANG,Diamondback Energy,Energy,Oil & Gas Exploration & Production,2026-09-17,195.7094,0.38541,0.3460267560495784,1.1138156031632964,,,1.0,0.649612948627727,-0.0121,27693.0,42630.0,8760.0,13672.0,2026-10-16,29.0,180.0,-0.2242,1.65,3.3,2.4749999999999996,0.3652,119.0,0.6666666666666667,-0.08026901109502149,0.013749999999999998,0.1730603448275862
FAST,Fastenal,Industrials,Trading Companies & Distributors,2026-09-17,49.22,0.33396000000000003,0.20585135014871642,1.6223357279839654,,,1.0,0.6380290954112822,0.03149999999999997,32981.0,51692.0,1446.0,1230.0,2026-10-16,29.0,45.0,-0.1816,0.35,0.7,0.5249999999999999,0.3731,195.0,0.6666666666666667,-0.08573750507923605,0.011666666666666665,0.1468390804597701
FCX,Freeport-McMoRan,Materials,Copper,2026-09-17,70.85,0.44961,0.5208685338113254,0.8631928611814793,,,1.0,0.6974980607126234,-0.003500000000000003,337188.0,483425.0,12954.0,24752.0,2026-10-23,36.0,63.0,-0.1921,0.78,1.57,1.175,0.4724,24.0,0.6723404255319149,-0.11079745942131258,0.01865079365079365,0.1890983245149912
FDS,FactSet,Financials,Financial Exchanges & Data,2026-09-17,276.41,0.52899,0.4901036233731342,1.0793431731012937,,,1.0,2.3940388987117958,0.02080000000000004,9478.0,3959.0,72.0,46.0,2026-10-16,29.0,240.0,-0.1722,3.6,5.2,4.4,0.5712,74.0,0.36363636363636365,-0.13172461198943608,0.018333333333333333,0.2307471264367816
FDX,FedEx,Industrials,Air Freight & Logistics,2026-09-17,307.05,0.27536,0.2231961191369538,1.2337132073118093,,,1.0,0.7449525387976496,0.011800000000000033,19777.0,26548.0,1712.0,3290.0,2026-10-23,36.0,285.0,-0.1906,2.75,4.1,3.425,0.3104,2.0,0.39416058394160575,-0.07181240840254033,0.012017543859649123,0.1218445419103314
FDXF,FedEx Freight,Industrials,Cargo Ground Transportation,2026-09-17,121.73,0.48290999999999995,0.3475938249004256,1.3892939557782364,,,1.0,2.775048480930834,0.03009999999999996,8586.0,3094.0,9790.0,404.0,2026-10-16,29.0,110.0,-0.2161,1.5,3.5,2.5,0.5294,46.0,0.8,-0.09636079848845813,0.022727272727272728,0.2860501567398119
FE,FirstEnergy,Utilities,Electric Utilities,2026-09-17,45.38,0.19564,0.14435966391649097,1.3552262085701006,,,1.0,0.7330381593427686,0.06529999999999997,28642.0,39073.0,72.0,64.0,2026-10-16,29.0,43.0,-0.2006,0.05,0.7,0.375,0.2527,46.0,1.7333333333333332,-0.05244601145879246,0.00872093023255814,0.10976343223736969
FERG,Ferguson Enterprises,Industrials,Trading Companies & Distributors,2026-09-17,214.35,0.2894,0.246230160513062,1.175323118000599,,,1.0,0.7270557604686483,0.04720000000000002,3351.0,4609.0,116.0,111.0,2026-10-16,29.0,200.0,-0.2181,1.15,4.7,2.925,0.3542,9.0,1.2136752136752138,-0.06694658269185905,0.014624999999999999,0.18407327586206895
FFIV,"F5, Inc.",Information Technology,Communications Equipment,2026-09-17,423.59,0.36387,0.4075808295351798,0.8927554331124228,,,1.0,0.6441355065516139,0.01429999999999998,4031.0,6258.0,202.0,1391.0,2026-10-16,29.0,390.0,-0.2062,3.6,8.0,5.8,0.3917,29.0,0.7586206896551725,-0.07929837814868146,0.014871794871794871,0.18717948717948718
FICO,Fair Isaac,Information Technology,Application Software,2026-09-17,991.35,0.4828,0.7862668638450387,0.6140408838279017,,,1.0,1.226991970352069,0.009400000000000075,7946.0,6476.0,242.0,238.0,2026-10-16,29.0,890.0,-0.2053,15.4,20.5,17.95,0.5139,46.0,0.2841225626740947,-0.10223432692792656,0.020168539325842696,0.253845408756296
FIS,Fidelity National Information Services,Financials,Transaction & Payment Processing Services,2026-09-17,36.78,0.36825,0.31998325780323394,1.1508414612943485,,,1.0,1.3280620617633896,0.0736,17804.0,13406.0,1539.0,565.0,2026-10-23,36.0,33.0,-0.1969,0.2,0.85,0.525,0.4088,1.0,1.238095238095238,-0.10277324632952689,0.01590909090909091,0.16130050505050508
FISV,Fiserv,Financials,Transaction & Payment Processing Services,2026-09-17,49.35,0.38459000000000004,0.3499079084671049,1.0991177698293024,,,1.0,1.4115759610500627,-0.006000000000000005,113941.0,80719.0,3626.0,2661.0,2026-10-23,36.0,45.0,-0.208,0.55,1.0,0.775,0.4134,59.0,0.5806451612903225,-0.08814589665653494,0.017222222222222222,0.1746141975308642
FITB,Fifth Third Bancorp,Financials,Regional Banks,2026-09-17,52.41,0.2332,0.22305031198338401,1.0455040296799587,,,1.0,0.5517625231910946,0.0,16357.0,29645.0,630.0,471.0,2026-10-16,29.0,50.0,-0.2802,0.65,0.8,0.7250000000000001,0.2692,310.0,0.20689655172413793,-0.04598359091776372,0.014500000000000002,0.18250000000000005
FIX,Comfort Systems USA,Industrials,Construction & Engineering,2026-09-17,1573.96,0.51778,0.480994674857141,1.076477614131143,,,1.0,1.5626795977011494,0.008199999999999985,8701.0,5568.0,707.0,519.0,2026-10-16,29.0,1410.0,-0.2036,22.5,32.5,27.5,0.5211,20.0,0.36363636363636365,-0.10417037281760655,0.01950354609929078,0.2454756664221081
FLEX,Flex Ltd.,Information Technology,Electronic Manufacturing Services,2026-09-17,108.78,0.593,0.5574070183299098,1.0638545631820946,,,1.0,1.004003431512725,0.006299999999999972,24577.0,24479.0,216.0,3685.0,2026-10-16,29.0,95.0,-0.2024,1.35,3.2,2.2750000000000004,0.605,203.0,0.8131868131868131,-0.1266776981062695,0.023947368421052634,0.30140653357531766
FOX,Fox Corporation (Class B),Communication Services,Broadcasting,2026-09-17,60.05,0.26586,0.31459921966982074,0.8450752048241769,,,1.0,0.41264204545454547,0.08179999999999998,581.0,1408.0,36.0,5.0,2026-10-16,29.0,55.0,-0.208,0.55,0.95,0.75,0.346,19.0,0.5333333333333332,-0.08409658617818483,0.013636363636363636,0.17163009404388713
FOXA,Fox Corporation (Class A),Communication Services,Broadcasting,2026-09-17,64.98,0.32667999999999997,0.3213330343067565,1.0166399502148262,,,1.0,0.6351840874662451,0.06969999999999998,19288.0,30366.0,38.0,6360.0,2026-10-16,29.0,60.0,-0.2115,0.2,1.55,0.875,0.3893,46.0,1.542857142857143,-0.07663896583564178,0.014583333333333334,0.18354885057471265
FRT,Federal Realty Investment Trust,Real Estate,Retail REITs,2026-09-17,112.42,0.1801,0.0949513235894669,1.8967613424609364,,,1.0,0.28640871086914255,0.0,1473.0,5143.0,6.0,55.0,2026-10-16,29.0,110.0,-0.3752,0.2,3.3,1.75,0.205,6.0,1.7714285714285711,-0.021526418786692814,0.015909090909090907,0.20023510971786834
FSLR,First Solar,Information Technology,Semiconductors,2026-09-17,200.49,0.48093,0.39346406700609926,1.2222971303566201,,,1.0,2.0178946469734482,-0.0015999999999999903,236356.0,117130.0,13091.0,44637.0,2026-10-23,36.0,180.0,-0.2115,2.35,5.55,3.95,0.4976,41.0,0.8101265822784809,-0.10219961095316477,0.021944444444444447,0.2224922839506173
FTNT,Fortinet,Information Technology,Systems Software,2026-09-17,169.9987,0.46133,0.5922576925244629,0.7789345851019824,,,1.0,0.9311671335200747,0.022199999999999998,49864.0,53550.0,1637.0,3731.0,2026-10-23,36.0,155.0,-0.2201,2.63,5.0,3.815,0.494,86.0,0.6212319790301442,-0.08822832174598993,0.024612903225806452,0.24954749103942653
FTV,Fortive,Industrials,Industrial Machinery & Supplies & Components,2026-09-17,55.3,0.33519,0.23261011432445228,1.440994949740087,,,1.0,1.491216655823032,0.0,2292.0,1537.0,0.0,1.0,2026-10-16,29.0,55.0,-0.4509,0.3,3.3,1.7999999999999998,0.3185,1.0,1.6666666666666667,-0.005424954792043302,0.03272727272727272,0.4119122257053291
GD,General Dynamics,Industrials,Aerospace & Defense,2026-09-17,360.0,0.20504,0.15604064109600377,1.3140166469442371,,,1.0,0.6864416745061148,0.01469999999999999,11675.0,17008.0,459.0,1213.0,2026-10-23,36.0,335.0,-0.1802,0.75,4.1,2.425,0.2367,4.0,1.3814432989690721,-0.06944444444444442,0.0072388059701492535,0.07339344941956882
GDDY,GoDaddy,Information Technology,Internet Services & Infrastructure,2026-09-17,99.09,0.44549,0.4987462837241006,0.8932196881219043,,,1.0,0.3764306245100601,0.023499999999999965,7203.0,19135.0,128.0,385.0,2026-10-23,36.0,89.0,-0.2162,0.3,3.6,1.95,0.4826,0.0,1.6923076923076925,-0.10182662226258965,0.021910112359550562,0.2221441947565543
GE,GE Aerospace,Industrials,Aerospace & Defense,2026-09-17,314.64,0.31573,0.3362017890146544,0.9391086255827089,,,1.0,0.7867457678476026,0.019100000000000006,98665.0,125409.0,4284.0,4503.0,2026-10-23,36.0,285.0,-0.1844,3.25,4.3,3.775,0.3699,13.0,0.2781456953642384,-0.09420289855072461,0.013245614035087718,0.1342958089668616
GEHC,GE HealthCare,Health Care,Health Care Equipment,2026-09-17,63.4152,0.29732,0.1907539466742029,1.558657134931032,,,1.0,0.9604469930892516,0.044899999999999995,26128.0,27204.0,1051.0,661.0,2026-10-23,36.0,59.0,-0.2327,0.5,1.75,1.125,0.3761,3.0,1.1111111111111112,-0.069623686434798,0.019067796610169493,0.1933262711864407
GEN,Gen Digital,Information Technology,Systems Software,2026-09-17,30.21,0.31215,0.30281537545547904,1.030826124764901,,,1.0,0.1785975256381183,0.06879999999999997,7088.0,39687.0,79.0,339.0,2026-10-16,29.0,29.0,-0.3045,0.1,1.05,0.5750000000000001,0.3334,195.0,1.6521739130434783,-0.04005296259516722,0.019827586206896553,0.24955410225921523
GEV,GE Vernova,Industrials,Heavy Electrical Equipment,2026-09-17,935.19,0.4556,0.5098824990553086,0.8935391994118622,,,1.0,1.6625220684764075,0.009499999999999953,110177.0,66271.0,6747.0,8654.0,2026-10-23,36.0,840.0,-0.2054,13.5,20.5,17.0,0.4715,18.0,0.4117647058823529,-0.10178680268180806,0.02023809523809524,0.20519179894179895
GILD,Gilead Sciences,Health Care,Biotechnology,2026-09-17,150.89,0.26629,0.2561383753259395,1.039633360917287,,,1.0,0.5217447026657553,0.005299999999999971,48852.0,93632.0,1519.0,5161.0,2026-10-23,36.0,140.0,-0.1916,0.14,2.79,1.465,0.2914,54.0,1.8088737201365186,-0.07217178076744635,0.010464285714285714,0.10609623015873015
GIS,General Mills,Consumer Staples,Packaged Foods & Meats,2026-09-17,36.8476,0.35068,0.3384496619222313,1.036136357791898,,,1.0,0.9154352375723142,0.031200000000000006,115040.0,125667.0,2939.0,2137.0,2026-10-16,29.0,32.5,-0.1504,0.25,0.35,0.3,0.387,1693.0,0.33333333333333326,-0.11798868854416567,0.00923076923076923,0.11618037135278513
GL,Globe Life,Financials,Life & Health Insurance,2026-09-17,172.845,0.21747,0.2163604946999354,1.0051280401332199,,,1.0,0.13852587558808155,0.013899999999999996,530.0,3826.0,1.0,3.0,2026-10-16,29.0,165.0,-0.2376,1.35,2.25,1.8,0.2566,1.0,0.49999999999999994,-0.04538748589776964,0.01090909090909091,0.13730407523510973
GLW,Corning Inc.,Information Technology,Electronic Components,2026-09-17,148.4204,0.55116,0.7038426925539503,0.7830727033622688,,,1.0,1.3363713115570774,0.0014999999999999458,254842.0,190697.0,16911.0,21534.0,2026-10-23,36.0,130.0,-0.2012,2.73,3.6,3.165,0.5617,138.0,0.27488151658767773,-0.12410962374444479,0.024346153846153847,0.24684294871794876
GM,General Motors,Consumer Discretionary,Automobile Manufacturers,2026-09-17,86.5,0.32189,0.2514890363104377,1.279936512232921,,,1.0,0.6097600434498738,0.02510000000000001,105533.0,173073.0,5500.0,9915.0,2026-10-23,36.0,79.0,-0.2122,0.52,2.5,1.51,0.4244,3.0,1.3112582781456954,-0.08670520231213874,0.019113924050632912,0.19379395218002815
GNRC,Generac,Industrials,Heavy Electrical Equipment,2026-09-17,208.0788,0.50278,0.4206025038082472,1.1953804255744933,,,1.0,0.8343536971907429,-0.019100000000000006,19216.0,23031.0,15202.0,21553.0,2026-10-23,36.0,185.0,-0.2073,1.65,5.2,3.425,0.4725,0.0,1.0364963503649636,-0.11091374998317949,0.018513513513513512,0.18770645645645645
GOOG,Alphabet Inc. (Class C),Communication Services,Interactive Media & Services,2026-09-17,342.9241,0.28657,0.21452196988743086,1.3358538528728592,,,1.0,0.7225473283297861,0.012299999999999978,645018.0,892700.0,65849.0,121300.0,2026-10-23,36.0,320.0,-0.2012,3.5,3.95,3.725,0.299,482.0,0.12080536912751683,-0.06684890329959314,0.011640625,0.11802300347222222
GOOGL,Alphabet Inc. (Class A),Communication Services,Interactive Media & Services,2026-09-17,346.71,0.28992999999999997,0.2296164135652556,1.2626710586506202,,,1.0,0.6939981669373382,0.018500000000000016,1079011.0,1554775.0,103579.0,289106.0,2026-10-23,36.0,325.0,-0.2181,3.95,4.6,4.275,0.301,319.0,0.15204678362573085,-0.0626171728533933,0.013153846153846155,0.13336538461538464
GPC,Genuine Parts Company,Consumer Discretionary,Distributors,2026-09-17,130.52,0.26672999999999997,0.21955943420974636,1.2148418990057668,,,1.0,0.2406570841889117,0.012199999999999989,2344.0,9740.0,15.0,152.0,2026-10-16,29.0,120.0,-0.1703,0.35,1.45,0.8999999999999999,0.3086,25.0,1.2222222222222225,-0.08060067422617234,0.007499999999999999,0.09439655172413791
GPN,Global Payments,Financials,Transaction & Payment Processing Services,2026-09-17,89.03,0.37188000000000004,0.2613770813371973,1.4227720276677402,,,1.0,0.4068441716529223,0.0039000000000000146,23730.0,58327.0,272.0,1987.0,2026-10-16,29.0,82.5,-0.2268,1.15,1.55,1.35,0.3872,73.0,0.2962962962962964,-0.07334606312478942,0.016363636363636365,0.2059561128526646
GRMN,Garmin,Consumer Discretionary,Consumer Electronics,2026-09-17,278.97,0.27492,0.21791503209011684,1.2615926371077937,,,1.0,0.45539844059733053,0.029900000000000038,3446.0,7567.0,22.0,34.0,2026-10-16,29.0,260.0,-0.1844,2.1,2.8,2.45,0.2907,858.0,0.2857142857142856,-0.06800014338459337,0.009423076923076923,0.11860079575596817
GS,Goldman Sachs,Financials,Investment Banking & Brokerage,2026-09-17,953.0,0.34049,0.2870811825611149,1.18604081591978,,,1.0,0.9772949765872876,0.029400000000000037,165716.0,169566.0,17362.0,21016.0,2026-10-23,36.0,875.0,-0.2021,11.15,15.5,13.325,0.3653,8.0,0.32645403377110693,-0.08184679958027286,0.015228571428571428,0.15440079365079365
GWW,W. W. Grainger,Industrials,Industrial Machinery & Supplies & Components,2026-09-17,1269.5,0.23617000000000002,0.20215364151817058,1.1682698279702861,,,1.0,0.7231818967006391,0.01090000000000002,8373.0,11578.0,18.0,87.0,2026-10-16,29.0,1200.0,-0.204,6.1,15.0,10.55,0.2559,48.0,0.8436018957345971,-0.05474596297755019,0.008791666666666668,0.11065373563218392
HAL,Halliburton,Energy,Oil & Gas Equipment & Services,2026-09-17,34.07,0.36646,0.29652375420860116,1.2358537715740625,,,1.0,0.6779900008355848,0.0408,194735.0,287224.0,8351.0,14216.0,2026-10-23,36.0,31.0,-0.2113,0.45,0.8,0.625,0.434,1.0,0.56,-0.09010859994129738,0.020161290322580645,0.20441308243727596
HAS,Hasbro,Consumer Discretionary,Leisure Products,2026-09-17,88.76,0.28642,0.18333416614374592,1.5622838122569476,,,1.0,0.553382747200757,0.01899999999999996,7018.0,12682.0,118.0,123.0,2026-10-16,29.0,82.5,-0.182,0.3,1.8,1.05,0.3515,39.0,1.4285714285714286,-0.07052726453357372,0.012727272727272728,0.16018808777429466
HBAN,Huntington Bancshares,Financials,Regional Banks,2026-09-17,15.8676,0.26027,0.21843121562638707,1.1915421486513886,,,1.0,0.9623763466514949,0.050199999999999995,52437.0,54487.0,5979.0,907.0,2026-10-16,29.0,15.0,-0.2296,0.1,0.25,0.175,0.2949,933.0,0.8571428571428572,-0.05467745594796947,0.011666666666666665,0.1468390804597701
HCA,HCA Healthcare,Health Care,Health Care Facilities,2026-09-17,432.07,0.29652,0.32042798891948376,0.9253873264938436,,,1.0,0.7735210028590279,0.01940000000000003,17586.0,22735.0,94.0,663.0,2026-10-16,29.0,400.0,-0.1847,3.5,4.9,4.2,0.3239,39.0,0.3333333333333334,-0.07422408406045311,0.0105,0.1321551724137931
HD,Home Depot (The),Consumer Discretionary,Home Improvement Retail,2026-09-17,302.99,0.24568,0.21665406137977503,1.1339736649078789,,,1.0,1.0088651987460349,0.010200000000000015,108452.0,107499.0,18369.0,6367.0,2026-10-23,36.0,285.0,-0.2078,2.16,3.45,2.805,0.2555,28.0,0.45989304812834225,-0.05937489686128261,0.009842105263157895,0.09978801169590644
HIG,Hartford (The),Financials,Property & Casualty Insurance,2026-09-17,135.49,0.18323,0.17444686860200342,1.0503484612156329,,,1.0,0.3185439051500556,0.0514,3439.0,10796.0,5.0,525.0,2026-10-16,29.0,130.0,-0.2163,0.7,1.45,1.075,0.2203,122.0,0.6976744186046512,-0.04051959554210649,0.008269230769230768,0.10407824933687002
HII,Huntington Ingalls Industries,Industrials,Aerospace & Defense,2026-09-17,278.09,0.27388999999999997,0.19080891668547684,1.4354150988209387,,,1.0,1.0245338567222768,0.04490000000000005,2088.0,2038.0,12.0,23.0,2026-10-16,29.0,260.0,-0.1895,1.2,4.4,2.8000000000000003,0.3057,20.0,1.1428571428571428,-0.06505088280772409,0.01076923076923077,0.13554376657824935
HLT,Hilton Worldwide,Consumer Discretionary,"Hotels, Resorts & Cruise Lines",2026-09-17,307.79,0.24863,0.19480248749976856,1.2763184043032068,,,1.0,0.8540979020979022,0.027500000000000024,15267.0,17875.0,386.0,345.0,2026-10-23,36.0,285.0,-0.1964,2.75,4.3,3.525,0.3135,2.0,0.43971631205673756,-0.07404399103284709,0.012368421052631579,0.12540204678362574
HON,Honeywell Technologies,Industrials,Industrial Conglomerates,2026-09-17,206.49,0.28539000000000003,0.2202486131093258,1.2957629833443705,,,1.0,0.4020259449071108,0.0020000000000000018,20082.0,49952.0,2273.0,2260.0,2026-10-23,36.0,190.0,-0.2013,0.1,4.5,2.3,0.3295,22.0,1.9130434782608698,-0.07985858879364627,0.012105263157894735,0.12273391812865496
HONA,Honeywell Aerospace,Industrials,Aerospace & Defense,2026-09-17,165.1025,0.43443,0.45657271287205337,0.9515023297543003,,,1.0,0.3296574340508303,0.0257,20507.0,62207.0,569.0,576.0,2026-10-16,29.0,150.0,-0.2075,2.5,3.1,2.8,0.4624,2460.0,0.21428571428571433,-0.09147347859662935,0.018666666666666665,0.23494252873563215
HOOD,Robinhood Markets,Financials,Investment Banking & Brokerage,2026-09-17,109.1,0.5912299999999999,0.905230953851875,0.6531261414385353,,,1.0,0.7074127037465098,0.013800000000000034,469461.0,663631.0,73968.0,196104.0,2026-10-23,36.0,96.0,-0.2054,2.6,2.73,2.665,0.609,168.0,0.04878048780487801,-0.12007332722273134,0.027760416666666666,0.2814597800925926
HPE,Hewlett Packard Enterprise,Information Technology,"Technology Hardware, Storage & Peripherals",2026-09-17,61.15,0.6195900000000001,0.8224434968025408,0.7533526648442288,,,1.0,0.6508327299058653,-0.07330000000000003,170772.0,262390.0,26308.0,58908.0,2026-10-23,36.0,53.0,-0.197,0.85,1.71,1.28,0.5916,55.0,0.671875,-0.13327882256745704,0.024150943396226414,0.24486373165618447
HPQ,HP Inc.,Information Technology,"Technology Hardware, Storage & Peripherals",2026-09-17,34.66,0.49625,0.5272461817294082,0.9412111783764118,,,1.0,1.19993317166276,-0.0413,237012.0,197521.0,5905.0,13471.0,2026-10-23,36.0,31.0,-0.2108,0.34,0.82,0.58,0.4618,124.0,0.8275862068965516,-0.10559723023658385,0.018709677419354837,0.1896953405017921
HRL,Hormel Foods,Consumer Staples,Packaged Foods & Meats,2026-09-17,20.85,0.22437,0.41271622024033444,0.5436423115848077,,,1.0,0.7410930195066903,0.04439999999999997,36776.0,49624.0,469.0,295.0,2026-10-23,36.0,19.0,-0.1798,0.15,0.2,0.175,0.2865,7.0,0.2857142857142858,-0.08872901678657086,0.009210526315789473,0.0933845029239766
HSIC,Henry Schein,Health Care,Health Care Distributors,2026-09-17,84.29,0.24146,0.16044506328708927,1.5049387937100205,,,1.0,0.3670629901340754,0.0121,2902.0,7906.0,12.0,2.0,2026-10-16,29.0,80.0,-0.2496,0.45,0.9,0.675,0.2446,2.0,0.6666666666666666,-0.05089571716692376,0.0084375,0.10619612068965519
HST,Host Hotels & Resorts,Real Estate,Hotel & Resort REITs,2026-09-17,21.9,0.19168,0.15942421345049607,1.2023267723978446,,,1.0,1.775904269785151,0.0,6530.0,3677.0,6.0,110.0,2026-10-16,29.0,22.28,-0.6531,0.25,1.75,1.0,0.3087,280.0,1.5,0.01735159817351617,0.04488330341113106,0.5649105429332013
HSY,Hershey Company (The),Consumer Staples,Packaged Foods & Meats,2026-09-17,169.205,0.24667999999999998,0.2128222210840251,1.159089491423959,,,1.0,1.0337960168980085,0.018199999999999994,15417.0,14913.0,1489.0,979.0,2026-10-23,36.0,160.0,-0.2316,1.5,2.35,1.925,0.2696,6.0,0.4415584415584416,-0.0544014656777283,0.01203125,0.12198350694444444
HUBB,Hubbell Incorporated,Industrials,Industrial Machinery & Supplies & Components,2026-09-17,438.53,0.31343,0.2545225478031837,1.231442961361396,,,1.0,4.993034825870647,0.0484,15054.0,3015.0,11.0,40.0,2026-10-16,29.0,410.0,-0.2149,4.0,8.0,6.0,0.3486,55.0,0.6666666666666666,-0.06505826283264537,0.014634146341463415,0.184188393608074
HUM,Humana,Health Care,Managed Health Care,2026-09-17,386.15,0.63641,0.23945507508822933,2.6577427927368387,,,1.0,0.7886787075629653,0.016700000000000048,44278.0,56142.0,1446.0,1003.0,2026-10-23,36.0,335.0,-0.2083,6.8,13.4,10.1,0.644,1.0,0.6534653465346535,-0.13246147869998703,0.030149253731343282,0.30567993366500823
HWM,Howmet Aerospace,Industrials,Aerospace & Defense,2026-09-17,228.535,0.35916,0.5555443330542954,0.6465010596461218,,,1.0,1.697659582951238,0.0010000000000000009,42579.0,25081.0,696.0,1063.0,2026-10-23,36.0,205.0,-0.1874,1.2,3.8,2.5,0.3736,15.0,1.0399999999999998,-0.10298203776226833,0.012195121951219513,0.12364498644986449
IBKR,Interactive Brokers,Financials,Investment Banking & Brokerage,2026-09-17,88.53,0.37689999999999996,0.43658044446501554,0.8633002343058498,,,1.0,0.6468931620865322,0.009399999999999964,36063.0,55748.0,1997.0,2287.0,2026-10-23,36.0,80.0,-0.2042,1.25,1.6,1.425,0.4321,159.0,0.24561403508771934,-0.09635151925900831,0.017812500000000002,0.18059895833333334
IBM,IBM,Information Technology,IT Consulting & Other Services,2026-09-17,238.25,0.35590000000000005,0.3365315870801703,1.0575530311667765,,,1.0,0.8998795121643678,0.008599999999999997,256921.0,285506.0,10543.0,26742.0,2026-10-23,36.0,215.0,-0.2129,4.1,4.65,4.375,0.4571,40.0,0.1257142857142859,-0.09758656873032534,0.020348837209302327,0.20631459948320416
ICE,Intercontinental Exchange,Financials,Financial Exchanges & Data,2026-09-17,156.9,0.24722000000000002,0.23457397072889677,1.0539106245753012,,,1.0,0.48689221259451404,0.023400000000000004,17644.0,36238.0,637.0,51461.0,2026-10-23,36.0,146.0,-0.1916,0.5,2.15,1.325,0.259,1.0,1.2452830188679245,-0.06947100063734868,0.009075342465753424,0.09201388888888888
IDXX,Idexx Laboratories,Health Care,Health Care Equipment,2026-09-17,506.48,0.28867,0.25326195275371505,1.139808000614753,,,1.0,0.5386666666666666,0.0383,1010.0,1875.0,38.0,13.0,2026-10-16,29.0,470.0,-0.1748,0.95,8.7,4.824999999999999,0.3248,16.0,1.606217616580311,-0.07202653609224452,0.01026595744680851,0.1292094644167278
IEX,IDEX Corporation,Industrials,Industrial Machinery & Supplies & Components,2026-09-17,221.5,0.21602,0.1706028229328112,1.2662158590721297,,,1.0,0.26851851851851855,0.0,203.0,756.0,10.0,2.0,2026-10-16,29.0,220.0,-0.4569,3.5,7.0,5.25,0.2288,0.0,0.6666666666666666,-0.006772009029345383,0.023863636363636365,0.30035266457680254
IFF,International Flavors & Fragrances,Materials,Specialty Chemicals,2026-09-17,84.49,0.25025,0.18680951618769503,1.3395998507301081,,,1.0,0.6368815104166666,0.010299999999999976,3913.0,6144.0,11.0,38.0,2026-10-16,29.0,77.5,-0.1604,0.25,0.75,0.5,0.2757,25.0,1.0,-0.08273168422298494,0.0064516129032258064,0.08120133481646274
INCY,Incyte,Health Care,Biotechnology,2026-09-17,122.275,0.33134,0.27783556641198903,1.1925758976036633,,,1.0,2.375386584195372,0.0504,22274.0,9377.0,4.0,3.0,2026-10-16,29.0,110.0,-0.1705,0.85,1.05,0.95,0.361,14.0,0.21052631578947376,-0.10038846861582507,0.008636363636363636,0.10869905956112853
INTC,Intel,Information Technology,Semiconductors,2026-09-17,109.35,0.65157,0.5811556401098796,1.1211626542535267,,,1.0,0.7497180231436619,-0.0005999999999999339,1321420.0,1762556.0,509581.0,867119.0,2026-10-23,36.0,93.0,-0.2025,2.9,3.05,2.9749999999999996,0.6992,617.0,0.050420168067226864,-0.14951989026063095,0.03198924731182795,0.32433542413381117
INTU,Intuit,Information Technology,Application Software,2026-09-17,313.8,0.46248,0.4319390850302544,1.0707065325371201,,,1.0,1.34104601737202,0.025099999999999956,72564.0,54110.0,7833.0,7433.0,2026-10-23,36.0,280.0,-0.2092,4.6,6.4,5.5,0.4654,39.0,0.3272727272727274,-0.10771191841937544,0.019642857142857142,0.19915674603174602
INVH,Invitation Homes,Real Estate,Single-Family Residential REITs,2026-09-17,27.0,0.21021,0.14896439951200624,1.4111425326361786,,,1.0,0.6154520483899246,0.0,10531.0,17111.0,5.0,282.0,2026-10-16,29.0,27.5,-0.6218,0.8,1.0,0.9,0.2097,141.0,0.22222222222222215,0.0185185185185186,0.03272727272727273,0.4119122257053292
IP,International Paper,Materials,Paper & Plastic Packaging Products & Materials,2026-09-17,35.55,0.36257,0.34149788872466047,1.0617049532986407,,,1.0,1.6447300771208226,0.019199999999999995,31990.0,19450.0,1957.0,1209.0,2026-10-23,36.0,32.0,-0.1864,0.15,0.55,0.35000000000000003,0.3604,8.0,1.1428571428571428,-0.09985935302390991,0.010937500000000001,0.11089409722222224
IQV,IQVIA,Health Care,Life Sciences Tools & Services,2026-09-17,269.8,0.32396,0.2640944909894185,1.2266821575349716,,,1.0,0.4294674069504421,0.030299999999999994,4177.0,9726.0,567.0,178.0,2026-10-16,29.0,250.0,-0.1929,2.45,3.3,2.875,0.3444,82.0,0.2956521739130434,-0.07338769458858418,0.0115,0.1447413793103448
IR,Ingersoll Rand,Industrials,Industrial Machinery & Supplies & Components,2026-09-17,71.91,0.29002,0.21735920480655882,1.3342890183008649,,,1.0,0.3510991729695342,0.04109999999999997,4967.0,14147.0,128.0,302.0,2026-10-16,29.0,65.0,-0.1629,0.2,0.85,0.525,0.3423,19.0,1.238095238095238,-0.09609233764427749,0.008076923076923077,0.10165782493368701
IRM,Iron Mountain,Real Estate,Other Specialized REITs,2026-09-17,112.04,0.30945,0.3054290099707441,1.013165056029357,,,1.0,1.017253589132814,0.027099999999999957,15801.0,15533.0,490.0,285.0,2026-10-23,36.0,103.0,-0.2035,0.85,2.15,1.5,0.352,2.0,0.8666666666666666,-0.08068546947518751,0.014563106796116505,0.1476537216828479
ISRG,Intuitive Surgical,Health Care,Health Care Equipment,2026-09-17,383.54,0.3563,0.35148892228129713,1.0136877079581261,,,1.0,1.283289213832514,0.006200000000000039,61082.0,47598.0,4248.0,1824.0,2026-10-23,36.0,345.0,-0.1996,1.85,9.2,5.5249999999999995,0.4258,7.0,1.3303167420814481,-0.10048495593679929,0.016014492753623186,0.16236916264090173
IT,Gartner,Information Technology,IT Consulting & Other Services,2026-09-17,195.62,0.48635,0.6344888054870634,0.7665225860472903,,,1.0,1.083808884413114,0.026600000000000013,9686.0,8937.0,91.0,235.0,2026-10-16,29.0,175.0,-0.1993,2.95,3.8,3.375,0.507,121.0,0.25185185185185177,-0.1054084449442797,0.019285714285714285,0.24273399014778324
ITW,Illinois Tool Works,Industrials,Industrial Machinery & Supplies & Components,2026-09-17,267.33,0.19870000000000002,0.15022215635619654,1.3227076805425169,,,1.0,0.31180625630676084,0.006499999999999978,2781.0,8919.0,32.0,54.0,2026-10-16,29.0,260.0,-0.3397,1.6,5.5,3.55,0.204,58.0,1.0985915492957747,-0.02741929450491898,0.013653846153846154,0.1718501326259947
IVZ,Invesco,Financials,Asset Management & Custody Banks,2026-09-17,30.78,0.35155000000000003,0.2628040415835378,1.3376887124022878,,,1.0,0.2809414627298676,0.064,6004.0,21371.0,478.0,1177.0,2026-10-16,29.0,28.0,-0.1869,0.1,0.7,0.39999999999999997,0.406,374.0,1.5,-0.09031838856400265,0.014285714285714285,0.17980295566502463
J,Jacobs Solutions,Industrials,Construction & Engineering,2026-09-17,146.29,0.25093,0.20855725991159962,1.203170774809569,,,1.0,0.29814126394052043,-0.011800000000000005,1203.0,4035.0,16.0,107.0,2026-10-16,29.0,135.0,-0.2196,0.15,1.8,0.975,0.2456,45.0,1.6923076923076925,-0.07717547337480346,0.007222222222222222,0.09090038314176245
JBHT,J.B. Hunt,Industrials,Cargo Ground Transportation,2026-09-17,236.73,0.42180999999999996,0.5722316444998143,0.7371315516266189,,,1.0,0.8769489086111777,0.01040000000000002,3656.0,4169.0,4370.0,2934.0,2026-10-16,29.0,220.0,-0.2474,3.2,6.0,4.6,0.435,18.0,0.6086956521739131,-0.07067122882608878,0.02090909090909091,0.26316614420062695
JBL,Jabil,Information Technology,Electronic Manufacturing Services,2026-09-17,295.94,0.56046,0.41282786169252744,1.3576118571605236,,,1.0,0.9912940579832643,0.0030000000000000027,11728.0,11831.0,3336.0,411.0,2026-10-23,36.0,260.0,-0.1962,4.4,7.5,5.95,0.5498,4.0,0.5210084033613445,-0.12144353585186185,0.022884615384615385,0.23202457264957266
JCI,Johnson Controls,Industrials,Building Products,2026-09-17,140.995,0.30386,0.31095425805163573,0.9771855253049544,,,1.0,0.5553901657542195,0.0383,22014.0,39637.0,49.0,588.0,2026-10-16,29.0,130.0,-0.1801,1.0,2.3,1.65,0.3611,776.0,0.7878787878787878,-0.07798148870527322,0.012692307692307692,0.15974801061007957
JKHY,Jack Henry & Associates,Financials,Transaction & Payment Processing Services,2026-09-17,158.98,0.30199000000000004,0.4223257943145518,0.715064066806858,,,1.0,1.4594419208306295,0.06890000000000002,2249.0,1541.0,7.0,15.0,2026-10-16,29.0,145.0,-0.1852,0.85,2.3,1.575,0.3655,2.0,0.9206349206349205,-0.08793558938231216,0.010862068965517242,0.13671224732461357
JNJ,Johnson & Johnson,Health Care,Pharmaceuticals,2026-09-17,270.8,0.25526,0.19418948556726884,1.3144892951043727,,,1.0,0.7437055320262904,0.009799999999999975,159092.0,213918.0,16490.0,7737.0,2026-10-23,36.0,255.0,-0.2146,2.25,3.35,2.8,0.2621,34.0,0.3928571428571429,-0.05834564254062047,0.010980392156862744,0.11132897603485836
JPM,JPMorgan Chase,Financials,Diversified Banks,2026-09-17,349.12,0.24956,0.15722226321414903,1.5873070066424355,,,1.0,1.0512400569153075,0.0348,322860.0,307123.0,17745.0,24233.0,2026-10-23,36.0,325.0,-0.1929,3.05,3.55,3.3,0.2747,48.0,0.15151515151515152,-0.06908799266727772,0.010153846153846154,0.10294871794871795
KDP,Keurig Dr Pepper,Consumer Staples,Soft Drinks & Non-alcoholic Beverages,2026-09-17,31.45,0.2339,0.1992503184832069,1.1739002566247512,,,1.0,0.27491355731021316,0.05449999999999999,15981.0,58131.0,277.0,312.0,2026-10-16,29.0,29.0,-0.1628,0.1,0.3,0.2,0.2804,505.0,0.9999999999999999,-0.07790143084260726,0.006896551724137932,0.08680142687277052
KEY,KeyCorp,Financials,Regional Banks,2026-09-17,20.95,0.23815,0.20541494055308437,1.1593606548714313,,,1.0,0.7737913486005089,0.027700000000000002,51697.0,66810.0,389.0,1738.0,2026-10-16,29.0,20.0,-0.2533,0.15,0.35,0.25,0.2752,401.0,0.7999999999999999,-0.04534606205250591,0.0125,0.15732758620689655
KEYS,Keysight Technologies,Information Technology,Electronic Equipment & Instruments,2026-09-17,328.12,0.36444000000000004,0.4349411038895814,0.8379065504292289,,,1.0,0.5898578757043141,0.03149999999999997,7014.0,11891.0,93.0,1449.0,2026-10-16,29.0,290.0,-0.1635,2.2,3.8,3.0,0.3887,50.0,0.5333333333333332,-0.11617700841155676,0.010344827586206896,0.13020214030915578
KHC,Kraft Heinz,Consumer Staples,Packaged Foods & Meats,2026-09-17,24.73,0.27061,0.2521033363094263,1.0734090391721713,,,1.0,0.7011222276126575,0.056499999999999995,153191.0,218494.0,7844.0,6315.0,2026-10-23,36.0,23.0,-0.2004,0.01,0.59,0.3,0.3205,21.0,1.9333333333333333,-0.06995551961180757,0.013043478260869565,0.13224637681159418
KIM,Kimco Realty,Real Estate,Retail REITs,2026-09-17,22.57,0.20267,0.11626520483642692,1.7431698527959043,,,1.0,0.6876645355396765,0.15090000000000003,3657.0,5318.0,1.0,17.0,2026-10-16,29.0,20.0,-0.0787,0.05,0.15,0.1,0.3496,27.0,0.9999999999999999,-0.1138679663269827,0.005,0.06293103448275862
KKR,KKR & Co.,Financials,Asset Management & Custody Banks,2026-09-17,98.86,0.37128999999999995,0.29868490453950586,1.2430825741676907,,,1.0,2.157537017558055,0.0116,186655.0,86513.0,5018.0,2586.0,2026-10-23,36.0,90.0,-0.2059,1.25,1.65,1.45,0.399,12.0,0.2758620689655172,-0.08962168723447295,0.01611111111111111,0.16334876543209875
KLAC,KLA Corporation,Information Technology,Semiconductor Materials & Equipment,2026-09-17,168.88,0.52229,0.46124512157344966,1.1323480196783597,,,1.0,1.9558985855716327,0.024599999999999955,228580.0,116867.0,30936.0,6432.0,2026-10-23,36.0,150.0,-0.2118,3.2,4.5,3.85,0.5516,30.0,0.3376623376623376,-0.1117953576504026,0.025666666666666667,0.2602314814814815
KMB,Kimberly-Clark,Consumer Staples,Household Products,2026-09-17,98.45,0.22519999999999998,0.2316373559163929,0.9722093360506308,,,1.0,0.7206837871287128,0.11130000000000001,37268.0,51712.0,2442.0,1014.0,2026-10-23,36.0,91.0,-0.1544,0.05,2.7,1.375,0.3482,2.0,1.9272727272727275,-0.07567293042153378,0.01510989010989011,0.15319749694749696
KMI,Kinder Morgan,Energy,Oil & Gas Storage & Transportation,2026-09-17,31.33,0.24823,0.23122229753858842,1.0735556330097151,,,1.0,0.5360125725242901,0.02899999999999997,108460.0,202346.0,1362.0,9185.0,2026-10-23,36.0,29.0,-0.1728,0.2,0.34,0.27,0.285,25.0,0.5185185185185185,-0.07436961378870088,0.009310344827586208,0.09439655172413794
KO,Coca-Cola Company (The),Consumer Staples,Soft Drinks & Non-alcoholic Beverages,2026-09-17,88.09,0.17693,0.14094341809182379,1.2553264451464572,,,1.0,0.7771201129176615,0.009800000000000003,287400.0,369827.0,10422.0,37160.0,2026-10-23,36.0,84.0,-0.1976,0.53,0.71,0.62,0.1981,53.0,0.2903225806451612,-0.046429787717107596,0.007380952380952381,0.07483465608465609
KR,Kroger,Consumer Staples,Food Retail,2026-09-17,60.75,0.25598,0.27817232527922053,0.9202209448515606,,,1.0,0.8464889123548046,0.09739999999999999,64130.0,75760.0,3871.0,2424.0,2026-10-23,36.0,57.0,-0.2153,0.5,1.22,0.86,0.3171,11.0,0.8372093023255813,-0.06172839506172845,0.015087719298245613,0.15297270955165693
KVUE,Kenvue,Consumer Staples,Personal Care Products,2026-09-17,17.945,0.1961,0.2103692893661987,0.9321702829857473,,,1.0,0.5553776630083925,0.18,43014.0,77450.0,2576.0,504.0,2026-10-23,36.0,16.5,-0.1867,0.03,0.65,0.34,0.3775,23.0,1.8235294117647058,-0.0805238227918641,0.020606060606060607,0.20892255892255893
L,Loews Corporation,Financials,Multi-line Insurance,2026-09-17,107.955,0.20905,0.11514483723751094,1.8155394980392348,,,1.0,0.9986737400530504,0.21000000000000002,753.0,754.0,0.0,2.0,2026-10-16,29.0,100.0,-0.2078,0.15,2.5,1.325,0.3613,3.0,1.7735849056603774,-0.07368811078690196,0.01325,0.16676724137931034
LDOS,Leidos,Industrials,Diversified Support Services,2026-09-17,130.61,0.31864000000000003,0.318946187854795,0.9990400015223434,,,1.0,0.5267494626224026,0.041800000000000004,4411.0,8374.0,3.0,7.0,2026-10-16,29.0,120.0,-0.1885,0.8,2.55,1.6749999999999998,0.3904,64.0,1.044776119402985,-0.08123420871296239,0.013958333333333331,0.17568247126436778
LEN,Lennar,Consumer Discretionary,Homebuilding,2026-09-17,79.5,0.37082,0.30531718408713704,1.2145402202260864,,,1.0,1.5670300287947347,0.023299999999999987,76189.0,48620.0,22893.0,22445.0,2026-10-23,36.0,72.0,-0.1986,1.0,1.55,1.275,0.4125,1.0,0.4313725490196079,-0.09433962264150941,0.017708333333333333,0.17954282407407407
LH,Labcorp,Health Care,Health Care Services,2026-09-17,325.1,0.23992000000000002,0.25451562856383414,0.9426533111298765,,,1.0,0.9399555226093402,0.012899999999999995,2536.0,2698.0,0.0,3.0,2026-10-16,29.0,310.0,-0.2415,1.1,4.6,2.8499999999999996,0.2413,2.0,1.2280701754385965,-0.04644724700092284,0.009193548387096772,0.11571190211345937
LHX,L3Harris,Industrials,Aerospace & Defense,2026-09-17,250.27,0.25888,0.16306824957370725,1.5875561347887384,,,1.0,0.5333767309740798,-0.0016999999999999793,9013.0,16898.0,3.0,6.0,2026-10-23,36.0,235.0,-0.2103,0.1,4.2,2.15,0.2574,3.0,1.9069767441860468,-0.06101410476685187,0.009148936170212766,0.09276004728132387
LII,Lennox International,Industrials,Building Products,2026-09-17,365.42,0.33905,0.261128465746198,1.2984030639139024,,,1.0,1.6116352201257862,0.08350000000000002,1025.0,636.0,5.0,3.0,2026-10-16,29.0,330.0,-0.1759,2.2,5.7,3.95,0.3924,5.0,0.8860759493670886,-0.09692956050571944,0.01196969696969697,0.15065308254963428
LIN,Linde plc,Materials,Industrial Gases,2026-09-17,458.15,0.20113,0.12827400748466214,1.5679715941208847,,,1.0,1.4761123186798564,0.01930000000000001,33276.0,22543.0,1022.0,434.0,2026-10-16,29.0,435.0,-0.1857,2.4,3.5,2.95,0.2204,204.0,0.3728813559322034,-0.05052930263014288,0.0067816091954022995,0.08535473642489101
LITE,Lumentum,Information Technology,Communications Equipment,2026-09-17,891.2425,0.69735,0.8649956385370068,0.8061890360273366,,,1.0,1.4741391213100268,0.022500000000000075,106766.0,72426.0,18181.0,20090.0,2026-10-23,36.0,760.0,-0.1994,21.9,27.8,24.85,0.7153,11.0,0.2374245472837023,-0.14725790118850923,0.032697368421052635,0.331514985380117
LLY,Lilly (Eli),Health Care,Pharmaceuticals,2026-09-17,1152.6313,0.31161,0.26841006816066626,1.1609475089193557,,,1.0,0.9648139036814077,0.013600000000000001,133345.0,138208.0,9213.0,9963.0,2026-10-23,36.0,1070.0,-0.2055,11.75,19.6,15.675,0.3372,8.0,0.5007974481658692,-0.07168927305722139,0.014649532710280374,0.14852998442367601
LMT,Lockheed Martin,Industrials,Aerospace & Defense,2026-09-17,535.5,0.26821,0.24487391660353733,1.0952983630112183,,,1.0,0.9164606463792871,-0.0121,40777.0,44494.0,2758.0,2159.0,2026-10-23,36.0,500.0,-0.2094,5.0,8.3,6.65,0.3112,26.0,0.4962406015037595,-0.06629318394024275,0.013300000000000001,0.13484722222222223
LNT,Alliant Energy,Utilities,Electric Utilities,2026-09-17,66.64,0.17148,0.13434498004759757,1.2764153892407868,,,1.0,0.3760217983651226,-0.0009000000000000119,414.0,1101.0,3.0,19.0,2026-10-16,29.0,62.5,-0.192,0.2,0.5,0.35,0.2259,4.0,0.8571428571428572,-0.06212484993997602,0.0056,0.07048275862068966
LOW,Lowe's,Consumer Discretionary,Home Improvement Retail,2026-09-17,194.19,0.26236,0.20245958859771182,1.2958635440147543,,,1.0,1.4726704959883297,0.002599999999999991,64609.0,43872.0,13019.0,2353.0,2026-10-23,36.0,180.0,-0.1861,1.35,2.25,1.8,0.2819,21.0,0.49999999999999994,-0.07307276378804262,0.01,0.10138888888888889
LRCX,Lam Research,Information Technology,Semiconductor Materials & Equipment,2026-09-17,269.31,0.54303,0.5556822330403982,0.9772311722633781,,,1.0,1.6334327532132096,-0.010599999999999943,212490.0,130088.0,21122.0,36222.0,2026-10-23,36.0,235.0,-0.1983,4.65,6.95,5.800000000000001,0.5785,41.0,0.39655172413793094,-0.1273996509598604,0.02468085106382979,0.25023640661938534
LULU,Lululemon Athletica,Consumer Discretionary,"Apparel, Accessories & Luxury Goods",2026-09-17,98.9,0.40049,0.7860454493626311,0.509499800965376,,,1.0,1.5561945886352153,0.02200000000000002,169384.0,108845.0,26585.0,35367.0,2026-10-23,36.0,91.0,-0.2046,1.25,2.77,2.01,0.4565,15.0,0.7562189054726369,-0.07987866531850363,0.022087912087912085,0.22394688644688643
LUV,Southwest Airlines,Industrials,Passenger Airlines,2026-09-17,40.34,0.39935000000000004,0.2818039080572185,1.4171201625738794,,,1.0,0.8430386198044472,0.032799999999999996,89325.0,105956.0,3451.0,11371.0,2026-10-23,36.0,36.0,-0.1938,0.58,0.73,0.655,0.4637,52.0,0.22900763358778628,-0.10758552305404068,0.018194444444444444,0.18447145061728393
LVS,Las Vegas Sands,Consumer Discretionary,Casinos & Gaming,2026-09-17,40.8,0.32281999999999994,0.2839025344741675,1.1370803737202055,,,1.0,0.6340782847946841,0.03150000000000003,48857.0,77052.0,4030.0,8510.0,2026-10-23,36.0,37.0,-0.1972,0.36,0.98,0.6699999999999999,0.4217,36.0,0.9253731343283583,-0.09313725490196068,0.018108108108108107,0.1835960960960961
LYB,LyondellBasell,Materials,Specialty Chemicals,2026-09-17,64.16,0.40110999999999997,0.3282309672896608,1.2220358222508119,,,1.0,2.23868481116231,0.03839999999999999,103969.0,46442.0,170.0,58.0,2026-10-16,29.0,57.5,-0.1764,0.6,1.0,0.8,0.4492,101.0,0.5,-0.10380299251870317,0.01391304347826087,0.17511244377811094
LYV,Live Nation Entertainment,Communication Services,Movies & Entertainment,2026-09-17,169.87,0.25398,0.2156713234640547,1.1776252675628898,,,1.0,1.0666770824570049,0.01880000000000004,88755.0,83207.0,58.0,9.0,2026-10-23,36.0,155.0,-0.168,0.95,1.75,1.35,0.3108,0.0,0.5925925925925926,-0.08753752869841647,0.00870967741935484,0.08830645161290324
MA,Mastercard,Financials,Transaction & Payment Processing Services,2026-09-17,566.0,0.20417000000000002,0.17761734626507078,1.1494935843445315,,,1.0,0.9384173266979744,0.021799999999999986,66942.0,71335.0,2940.0,3564.0,2026-10-23,36.0,535.0,-0.1968,3.6,5.0,4.3,0.2224,5.0,0.3255813953488372,-0.05477031802120136,0.008037383177570093,0.0814901349948079
MAA,Mid-America Apartment Communities,Real Estate,Multi-Family Residential REITs,2026-09-17,124.49,0.18275,0.15040561007572417,1.2150477625667786,,,1.0,2.0377833753148615,0.04469999999999999,4854.0,2382.0,337.0,25.0,2026-10-16,29.0,115.0,-0.1399,0.2,0.95,0.575,0.2268,18.0,1.3043478260869565,-0.07623102257209413,0.004999999999999999,0.06293103448275861
MAR,Marriott International,Consumer Discretionary,"Hotels, Resorts & Cruise Lines",2026-09-17,334.3821,0.25616,0.19810306675221373,1.2930642831511718,,,1.0,0.7224323046795867,0.03720000000000001,21397.0,29618.0,328.0,160.0,2026-10-23,36.0,310.0,-0.183,2.3,4.9,3.6,0.308,7.0,0.7222222222222223,-0.07291688161537346,0.011612903225806452,0.11774193548387098
MAS,Masco,Industrials,Building Products,2026-09-17,68.41,0.28106000000000003,0.2557939202496492,1.0987751379145043,,,1.0,1.0532986111111111,0.008500000000000008,6067.0,5760.0,0.0,1.0,2026-10-16,29.0,65.0,-0.2552,0.65,1.2,0.925,0.3052,80.0,0.5945945945945945,-0.04984651366759241,0.01423076923076923,0.17911140583554375
MCD,McDonald's,Consumer Discretionary,Restaurants,2026-09-17,248.9289,0.21125,0.1802104348718528,1.1722406649216477,,,1.0,0.7209600695860175,0.007800000000000001,132617.0,183945.0,60785.0,20091.0,2026-10-23,36.0,235.0,-0.1826,1.5,2.02,1.76,0.2202,76.0,0.29545454545454547,-0.05595533503743433,0.00748936170212766,0.07593380614657211
MCHP,Microchip Technology,Information Technology,Semiconductors,2026-09-17,70.82,0.44779,0.30144479676686875,1.4854792811246023,,,1.0,0.49746216055894205,0.015100000000000002,185335.0,372561.0,6134.0,20031.0,2026-10-23,36.0,63.0,-0.1919,0.85,1.45,1.15,0.4715,4.0,0.5217391304347826,-0.1104207850889578,0.01825396825396825,0.18507495590828923
MCK,McKesson Corporation,Health Care,Health Care Distributors,2026-09-17,881.51,,0.28375000152331575,,,,0.0,0.6678530203924586,0.017100000000000004,6943.0,10396.0,52.0,339.0,2026-10-16,29.0,830.0,-0.2117,7.5,12.3,9.9,0.2803,17.0,0.4848484848484849,-0.058433823779650784,0.011927710843373494,0.15012463647694224
MCO,Moody's Corporation,Financials,Financial Exchanges & Data,2026-09-17,467.16,0.24741,0.26311875253856704,0.9402978602360753,,,1.0,1.2493292791987123,0.0031999999999999806,6985.0,5591.0,202.0,4230.0,2026-10-16,29.0,440.0,-0.1951,3.8,4.5,4.15,0.2717,41.0,0.16867469879518074,-0.05813853925849821,0.009431818181818182,0.11871081504702194
MDLZ,Mondelez International,Consumer Staples,Packaged Foods & Meats,2026-09-17,62.04,0.22049,0.1768817785418433,1.2465388001955253,,,1.0,0.834289127837515,0.015600000000000003,48881.0,58590.0,249.0,2839.0,2026-10-23,36.0,59.0,-0.2608,0.35,1.05,0.7,0.2303,16.0,1.0000000000000002,-0.04900064474532562,0.011864406779661016,0.12029190207156308
MDT,Medtronic,Health Care,Health Care Equipment,2026-09-17,93.5,0.26207,0.2322264940539312,1.1285103410256803,,,1.0,0.5298820439089186,0.0169,106510.0,201007.0,4715.0,8543.0,2026-10-23,36.0,86.0,-0.1832,0.04,1.29,0.665,0.2486,2.0,1.8796992481203008,-0.0802139037433155,0.007732558139534884,0.07839954780361758
MET,MetLife,Financials,Life & Health Insurance,2026-09-17,97.9,0.22777,0.21950515912638532,1.0376521486169534,,,1.0,1.2617496984878003,0.025999999999999995,68002.0,53895.0,214.0,377.0,2026-10-16,29.0,92.5,-0.2031,0.65,1.0,0.825,0.258,198.0,0.42424242424242425,-0.055158324821246274,0.008918918918918918,0.11225535880708293
META,Meta Platforms,Communication Services,Interactive Media & Services,2026-09-17,680.1,0.37371000000000004,0.2726537227025878,1.3706396387906465,,,1.0,0.4310230534873856,0.010099999999999998,769199.0,1784589.0,191758.0,319168.0,2026-10-23,36.0,625.0,-0.2085,9.65,10.6,10.125,0.383,60.0,0.0938271604938271,-0.08101749742684905,0.0162,0.16424999999999998
MGM,MGM Resorts,Consumer Discretionary,Casinos & Gaming,2026-09-17,39.22,0.37386,0.16591800788096725,2.253281634554185,,,1.0,0.6016582835586294,0.03470000000000001,76555.0,127240.0,1267.0,1373.0,2026-10-16,29.0,36.0,-0.2028,0.2,0.95,0.575,0.4122,72.0,1.3043478260869565,-0.08210096889342167,0.01597222222222222,0.20102969348659003
MKC,McCormick & Company,Consumer Staples,Packaged Foods & Meats,2026-09-17,51.16,0.36127000000000004,0.2367332006957758,1.526063935849309,,,1.0,0.6522173598428724,0.020799999999999985,18928.0,29021.0,300.0,52.0,2026-10-16,29.0,45.0,-0.1458,0.35,0.5,0.425,0.3937,115.0,0.3529411764705883,-0.12040656763096158,0.009444444444444445,0.11886973180076629
MLM,Martin Marietta Materials,Materials,Construction Materials,2026-09-17,494.0,0.27318000000000003,0.24444104207658085,1.1175701006642558,,,1.0,0.3303395006287049,0.010099999999999998,1839.0,5567.0,10.0,5.0,2026-10-16,29.0,460.0,-0.1836,3.2,4.4,3.8000000000000003,0.2918,11.0,0.31578947368421056,-0.06882591093117407,0.008260869565217393,0.10397301349325339
MMM,3M,Industrials,Industrial Conglomerates,2026-09-17,163.46,0.25986,0.16926637160013042,1.5352133890710737,,,1.0,0.5560481687956338,0.04830000000000001,38002.0,68343.0,595.0,3139.0,2026-10-23,36.0,150.0,-0.1924,0.76,2.83,1.795,0.3184,11.0,1.1532033426183845,-0.08234430441698282,0.011966666666666665,0.12132870370370369
MNST,Monster Beverage,Consumer Staples,Soft Drinks & Non-alcoholic Beverages,2026-09-17,44.51,0.24815,0.20923252887100288,1.1860010550892435,,,1.0,0.5402463693729054,-0.027200000000000002,35787.0,66242.0,932.0,524.0,2026-10-16,29.0,42.0,-0.1977,0.25,0.45,0.35,0.2621,230.0,0.5714285714285715,-0.05639182206245785,0.008333333333333333,0.10488505747126436
MO,Altria,Consumer Staples,Tobacco,2026-09-17,69.7,0.20934,0.21777613753884423,0.9612623419894225,,,1.0,1.1616297812616831,0.018000000000000016,189535.0,163163.0,8347.0,5404.0,2026-10-23,36.0,66.0,-0.1996,0.49,0.78,0.635,0.2399,53.0,0.45669291338582685,-0.05308464849354377,0.00962121212121212,0.09754840067340068
MOS,Mosaic Company (The),Materials,Fertilizers & Agricultural Chemicals,2026-09-17,25.34,0.46049,0.3877620457703542,1.1875582074701496,,,1.0,0.9269033347308306,0.00990000000000002,163604.0,176506.0,3256.0,7777.0,2026-10-23,36.0,22.5,-0.1852,0.1,0.65,0.375,0.463,50.0,1.4666666666666668,-0.11207576953433307,0.016666666666666666,0.16898148148148148
MPC,Marathon Petroleum,Energy,Oil & Gas Refining & Marketing,2026-09-17,422.267,0.51713,0.22694650226890697,2.278642741042367,,,1.0,0.8881351526965562,0.015000000000000013,34171.0,38475.0,12214.0,3417.0,2026-10-16,29.0,380.0,-0.2121,7.7,8.3,8.0,0.5239,419.0,0.07500000000000007,-0.10009543724704983,0.021052631578947368,0.26497277676951
MPWR,Monolithic Power Systems,Information Technology,Semiconductors,2026-09-17,1188.0,0.48741999999999996,0.3954550094059619,1.2325548757927849,,,1.0,1.1602265156562293,-0.03470000000000001,6966.0,6004.0,475.0,1365.0,2026-10-16,29.0,1020.0,-0.1883,11.4,21.0,16.2,0.4854,6.0,0.5925925925925926,-0.14141414141414144,0.01588235294117647,0.19989858012170386
MRK,Merck & Co.,Health Care,Pharmaceuticals,2026-09-17,147.18,0.26171,0.49816688131359355,0.525346043297597,,,1.0,0.6109318656291517,0.007100000000000051,170607.0,279257.0,8196.0,11510.0,2026-10-23,36.0,138.0,-0.2092,1.23,1.82,1.525,0.276,16.0,0.3868852459016394,-0.06237260497350183,0.01105072463768116,0.1120420692431562
MRNA,Moderna,Health Care,Biotechnology,2026-09-17,158.1,0.75638,3.8630253121290834,0.19579990781451176,,,1.0,0.6019466850080244,0.021399999999999975,144404.0,239895.0,42243.0,110299.0,2026-10-23,36.0,133.0,-0.2034,3.75,7.0,5.375,0.8167,25.0,0.6046511627906976,-0.15876027830487027,0.040413533834586464,0.40974832915622383
MRSH,Marsh McLennan,Financials,Insurance Brokers,2026-09-17,173.845,0.25709,0.20997097002620663,1.2244073548258239,,,1.0,0.8684116170670492,0.05840000000000001,7266.0,8367.0,8.0,43.0,2026-10-16,29.0,160.0,-0.1755,1.2,1.75,1.475,0.322,87.0,0.3728813559322034,-0.07963990911444097,0.009218750000000001,0.11602909482758622
MRVL,Marvell Technology,Information Technology,Semiconductors,2026-09-17,239.8,0.6534399999999999,0.8001897918148945,0.8166062685178046,,,1.0,0.9637238066507321,0.011399999999999966,498357.0,517116.0,77677.0,112044.0,2026-10-23,36.0,205.0,-0.1853,5.3,5.7,5.5,0.6557,77.0,0.0727272727272728,-0.14512093411175986,0.026829268292682926,0.2720189701897019
MS,Morgan Stanley,Financials,Investment Banking & Brokerage,2026-09-17,204.7,0.33235,0.25582128921311087,1.299149109217166,,,1.0,1.1250223159676533,0.028299999999999992,170145.0,151237.0,6225.0,7057.0,2026-10-23,36.0,190.0,-0.2264,2.75,3.5,3.125,0.3525,13.0,0.24,-0.07181240840254022,0.01644736842105263,0.1667580409356725
MSCI,MSCI,Financials,Financial Exchanges & Data,2026-09-17,545.635,0.26283,0.21414380685551115,1.2273527955788084,,,1.0,0.757446016381236,0.020699999999999996,4069.0,5372.0,51.0,100.0,2026-10-16,29.0,510.0,-0.1769,3.6,4.4,4.0,0.2743,93.0,0.20000000000000007,-0.06530922686411245,0.00784313725490196,0.09871534820824882
MSFT,Microsoft,Information Technology,Systems Software,2026-09-17,496.11,0.23855,0.20799478195484958,1.146903772094548,,,1.0,0.4695463194131298,0.010399999999999965,1067314.0,2273075.0,92881.0,156947.0,2026-10-23,36.0,470.0,-0.2149,4.6,5.5,5.05,0.2583,114.0,0.1782178217821783,-0.05262945717683576,0.01074468085106383,0.10893912529550827
MSI,Motorola Solutions,Information Technology,Communications Equipment,2026-09-17,466.16,,0.19423044817194032,,,,0.0,0.3495575221238938,0.0049000000000000155,3002.0,8588.0,34.0,143.0,2026-10-16,29.0,440.0,-0.1847,0.8,3.9,2.35,0.1963,93.0,1.3191489361702127,-0.05611807104856703,0.0053409090909090915,0.06722178683385581
MTB,M&T Bank,Financials,Regional Banks,2026-09-17,225.865,0.23548,0.20464268967817018,1.1506885507140563,,,1.0,0.4192021636240703,0.058499999999999996,2480.0,5916.0,63.0,1.0,2026-10-16,29.0,210.0,-0.1831,1.5,2.65,2.075,0.3107,21.0,0.5542168674698794,-0.07024107320744699,0.009880952380952383,0.12436371100164206
MTD,Mettler Toledo,Health Care,Life Sciences Tools & Services,2026-09-17,1330.4,0.25367999999999996,0.2855908696932147,0.8882636908963729,,,1.0,0.21428571428571427,0.02300000000000002,636.0,2968.0,40.0,70.0,2026-10-16,29.0,1240.0,-0.2031,7.0,16.9,11.95,0.2929,0.0,0.8284518828451882,-0.06794948887552621,0.009637096774193547,0.1212944938820912
MU,Micron Technology,Information Technology,Semiconductors,2026-09-17,980.2217,0.59305,0.4866138879444979,1.2187280607733948,,,1.0,0.8001533716682871,0.009499999999999953,669874.0,837182.0,248973.0,400659.0,2026-10-23,36.0,855.0,-0.2035,20.3,24.1,22.200000000000003,0.5878,32.0,0.17117117117117117,-0.1277483450937681,0.025964912280701757,0.26325536062378174
NCLH,Norwegian Cruise Line Holdings,Consumer Discretionary,"Hotels, Resorts & Cruise Lines",2026-09-17,14.43,0.47523000000000004,0.3185405845616279,1.4918978084190007,,,1.0,2.2318893303336367,0.02200000000000002,233132.0,104455.0,9146.0,9180.0,2026-10-23,36.0,13.0,-0.2182,0.24,0.35,0.295,0.4849,79.0,0.37288135593220334,-0.09909909909909909,0.022692307692307692,0.23007478632478634
NDAQ,"Nasdaq, Inc.",Financials,Financial Exchanges & Data,2026-09-17,91.14,0.27106,0.21664486142585618,1.2511720712691203,,,1.0,0.7409534127843987,0.03210000000000002,13678.0,18460.0,98.0,976.0,2026-10-23,36.0,84.0,-0.196,0.6,1.4,1.0,0.3196,2.0,0.7999999999999999,-0.07834101382488479,0.011904761904761904,0.1207010582010582
NDSN,Nordson Corporation,Industrials,Industrial Machinery & Supplies & Components,2026-09-17,309.02,0.19231,0.34257824843105866,0.5613608011621933,,,1.0,0.7940566689702834,0.020900000000000002,1149.0,1447.0,9.0,8.0,2026-10-16,29.0,300.0,-0.3017,1.35,5.5,3.425,0.2061,4.0,1.2116788321167884,-0.029189049252475563,0.011416666666666665,0.14369252873563218
NEE,NextEra Energy,Utilities,Multi-Utilities,2026-09-17,80.77,0.20024999999999998,0.12204184957899106,1.640830589595326,,,1.0,1.0730622121614237,0.029200000000000004,219952.0,204976.0,15910.0,11433.0,2026-10-23,36.0,77.0,-0.1981,0.37,1.11,0.74,0.239,21.0,1.0000000000000002,-0.04667574594527668,0.00961038961038961,0.09743867243867245
NEM,Newmont,Materials,Gold,2026-09-17,124.7,0.40852,0.44399107035704,0.9201085951379256,,,1.0,0.8490833677481909,0.012199999999999989,189152.0,222772.0,4658.0,12447.0,2026-10-23,36.0,112.0,-0.1955,1.56,2.55,2.0549999999999997,0.4476,1.0,0.4817518248175182,-0.10184442662389737,0.018348214285714284,0.1860305059523809
NFLX,Netflix,Communication Services,Movies & Entertainment,2026-09-17,75.39,0.34429000000000004,0.35706009951476075,0.9642354339448315,,,1.0,1.0525174950407759,0.0040999999999999925,1528087.0,1451840.0,135968.0,150064.0,2026-10-23,36.0,68.0,-0.1981,1.16,1.21,1.185,0.4318,242.0,0.04219409282700425,-0.09802361055842945,0.017426470588235293,0.17668504901960783
NI,NiSource,Utilities,Multi-Utilities,2026-09-17,40.59,0.17478000000000002,0.15121678350314777,1.1558240821618968,,,1.0,0.6817052980132451,0.0,1647.0,2416.0,142.0,17.0,2026-10-16,29.0,40.0,-0.3588,0.55,0.75,0.65,0.2152,151.0,0.3076923076923076,-0.014535599901453589,0.01625,0.20452586206896553
NKE,"Nike, Inc.",Consumer Discretionary,"Apparel, Accessories & Luxury Goods",2026-09-17,36.4,0.46685000000000004,0.2667514991498255,1.7501307452363588,,,1.0,1.2828756061067108,-0.02360000000000001,712495.0,555389.0,96444.0,99786.0,2026-10-23,36.0,33.0,-0.2162,0.46,0.77,0.615,0.4344,448.0,0.5040650406504065,-0.09340659340659341,0.018636363636363635,0.18895202020202018
NOC,Northrop Grumman,Industrials,Aerospace & Defense,2026-09-17,522.04,0.29397,0.20966010781628103,1.402126532614384,,,1.0,1.1696644498186215,-0.004500000000000004,15477.0,13232.0,435.0,417.0,2026-10-16,29.0,490.0,-0.1999,3.3,5.4,4.35,0.2821,135.0,0.48275862068965536,-0.06137460730978461,0.008877551020408162,0.11173469387755101
NOW,ServiceNow,Information Technology,Systems Software,2026-09-17,138.883,0.52022,0.6441793495788184,0.8075701283192851,,,1.0,0.7515144275890313,0.01319999999999999,352328.0,468824.0,25522.0,40704.0,2026-10-23,36.0,122.0,-0.202,2.8,3.15,2.9749999999999996,0.5576,15.0,0.11764705882352945,-0.12156275426078067,0.024385245901639343,0.24723929872495443
NRG,NRG Energy,Utilities,Independent Power Producers & Energy Traders,2026-09-17,109.1,0.49233,0.4585300206607517,1.0737137762333244,,,1.0,0.3820198562136255,0.01629999999999998,27897.0,73025.0,1028.0,1068.0,2026-10-23,36.0,95.0,-0.193,1.35,2.45,1.9000000000000001,0.4949,15.0,0.5789473684210527,-0.12923923006416127,0.02,0.20277777777777778
NSC,Norfolk Southern,Industrials,Rail Transportation,2026-09-17,324.0,0.20149999999999998,0.17237425801909229,1.168968048452349,,,1.0,1.4379009705543675,0.03810000000000002,8741.0,6079.0,91.0,47.0,2026-10-16,29.0,300.0,-0.1888,0.05,4.0,2.025,0.2456,16.0,1.9506172839506175,-0.07407407407407407,0.00675,0.08495689655172414
NTAP,NetApp,Information Technology,"Technology Hardware, Storage & Peripherals",2026-09-17,198.67,0.44984999999999997,0.4816921612514078,0.9338952056668646,,,1.0,0.5955847815875999,0.017699999999999994,19020.0,31935.0,484.0,1659.0,2026-10-16,29.0,180.0,-0.2085,3.0,3.5,3.25,0.4668,535.0,0.15384615384615385,-0.0939749333064881,0.018055555555555554,0.2272509578544061
NTRS,Northern Trust,Financials,Asset Management & Custody Banks,2026-09-17,175.67,0.24714,0.2347214544934145,1.05290758585911,,,1.0,0.43690050780515327,0.014200000000000046,2323.0,5317.0,0.0,1.0,2026-10-16,29.0,165.0,-0.2025,0.05,2.6,1.325,0.2674,31.0,1.9245283018867927,-0.06073888541014394,0.00803030303030303,0.10107105538140021
NUE,Nucor,Materials,Steel,2026-09-17,260.68,0.36798000000000003,0.3530107618460047,1.0424044810297466,,,1.0,0.5197077256660825,0.008699999999999986,17497.0,33667.0,661.0,2559.0,2026-10-16,29.0,240.0,-0.2122,3.3,4.1,3.6999999999999997,0.3898,407.0,0.21621621621621617,-0.07933098051250576,0.015416666666666665,0.19403735632183908
NVDA,Nvidia,Information Technology,Semiconductors,2026-09-17,219.23,0.30509000000000003,0.4499597536619921,0.6780384190297659,,,1.0,0.721823610641128,0.029500000000000026,4381439.0,6069958.0,687600.0,1271543.0,2026-10-23,36.0,200.0,-0.1708,2.17,2.23,2.2,0.3382,1693.0,0.027272727272727296,-0.08771609724946394,0.011000000000000001,0.1115277777777778
NWS,News Corp (Class B),Communication Services,Publishing,2026-09-17,33.44,0.30884,0.21297537685126128,1.4501206879689623,,,1.0,0.6507936507936508,0.0,41.0,63.0,0.0,0.0,2026-10-16,29.0,35.0,-0.6911,0.55,3.7,2.125,0.3133,2.0,1.4823529411764707,0.046650717703349276,0.060714285714285714,0.7641625615763546
NWSA,News Corp (Class A),Communication Services,Publishing,2026-09-17,30.19,0.29564,0.20646310174735152,1.4319265645915467,,,1.0,0.029222069387131285,,956.0,32715.0,0.0,8.0,2026-10-16,29.0,35.0,-0.8616,3.4,5.6,4.5,0.0,1.0,0.4888888888888888,0.15932427956276918,0.12857142857142856,1.6182266009852215
NXPI,NXP Semiconductors,Information Technology,Semiconductors,2026-09-17,227.95,0.40981,0.3257663175306224,1.2579876369860656,,,1.0,0.3761414676224754,0.02859999999999996,25291.0,67238.0,2194.0,1558.0,2026-10-16,29.0,210.0,-0.22,2.65,5.0,3.825,0.4336,483.0,0.6143790849673203,-0.07874533889010749,0.018214285714285714,0.2292487684729064
O,Realty Income,Real Estate,Retail REITs,2026-09-17,57.43,0.15802,0.11863344073697721,1.3320021658171992,,,1.0,0.7428549398581269,0.01050000000000001,57806.0,77816.0,7682.0,5812.0,2026-10-16,29.0,55.0,-0.219,0.25,0.4,0.325,0.1681,556.0,0.46153846153846156,-0.04231238028904749,0.005909090909090909,0.0743730407523511
ODFL,Old Dominion,Industrials,Cargo Ground Transportation,2026-09-17,178.35,0.33610999999999996,0.2945594978783154,1.141059794102614,,,1.0,1.4414219474497683,0.012199999999999989,4663.0,3235.0,99.0,59.0,2026-10-16,29.0,165.0,-0.1723,0.7,2.8,1.75,0.3588,46.0,1.1999999999999997,-0.0748528174936921,0.010606060606060607,0.13349007314524558
OKE,Oneok,Energy,Oil & Gas Storage & Transportation,2026-09-17,92.9836,0.27677,0.2185186007001393,1.2665740999311808,,,1.0,0.3454514085722032,0.027400000000000035,28032.0,81146.0,963.0,1218.0,2026-10-16,29.0,85.0,-0.1355,0.5,0.6,0.55,0.3057,918.0,0.18181818181818177,-0.08586030224684782,0.006470588235294119,0.0814401622718053
OMC,Omnicom Group,Communication Services,Advertising,2026-09-17,79.34,0.30253,0.3236172562200609,0.9348389005383525,,,1.0,1.4893277478555755,-0.02150000000000002,14932.0,10026.0,1532.0,48.0,2026-10-16,29.0,72.5,-0.1929,0.55,1.05,0.8,0.3432,99.0,0.625,-0.08621124275270986,0.01103448275862069,0.13888228299643282
ON,ON Semiconductor,Information Technology,Semiconductors,2026-09-17,68.7006,0.53126,0.49689766437930605,1.069153747509796,,,1.0,0.9174720363676758,0.017199999999999993,107369.0,117027.0,7681.0,23055.0,2026-10-23,36.0,60.0,-0.1949,1.19,1.63,1.41,0.5536,36.0,0.3120567375886525,-0.12664518213814724,0.0235,0.23826388888888891
ORCL,Oracle Corporation,Information Technology,Application Software,2026-09-17,150.4001,0.48927,0.49322990333065103,0.9919714857028926,,,1.0,1.1481374114816367,0.01040000000000002,1267391.0,1103867.0,155669.0,228918.0,2026-10-23,36.0,134.0,-0.2055,2.83,3.05,2.94,0.502,81.0,0.07482993197278903,-0.10904314558301498,0.021940298507462687,0.22245024875621888
ORLY,O'Reilly Automotive,Consumer Discretionary,Automotive Retail,2026-09-17,85.4111,0.27724,0.19631232958087347,1.4122393666862747,,,1.0,0.46128480193680343,0.016699999999999993,22102.0,47914.0,3664.0,584.0,2026-10-16,29.0,80.0,-0.2223,0.65,1.05,0.8500000000000001,0.2879,147.0,0.47058823529411764,-0.06335359221459513,0.010625,0.13372844827586208
OTIS,Otis Worldwide,Industrials,Industrial Machinery & Supplies & Components,2026-09-17,68.5,0.22104,0.21292826997068892,1.0380960688330756,,,1.0,0.39927105990241607,0.01680000000000001,6792.0,17011.0,408.0,445.0,2026-10-16,29.0,65.0,-0.2029,0.35,0.65,0.5,0.2334,53.0,0.6000000000000001,-0.051094890510948954,0.007692307692307693,0.09681697612732096
OXY,Occidental Petroleum,Energy,Oil & Gas Exploration & Production,2026-09-17,59.39,0.32258000000000003,0.28856879712493594,1.1178616787882958,,,1.0,0.44500318391447813,0.023900000000000032,230614.0,518230.0,11180.0,21622.0,2026-10-23,36.0,55.0,-0.2133,0.66,1.06,0.8600000000000001,0.3486,12.0,0.46511627906976744,-0.07391816804175788,0.01563636363636364,0.15853535353535356
PANW,Palo Alto Networks,Information Technology,Systems Software,2026-09-17,374.0517,0.50245,0.8069035027408373,0.6226890802844584,,,1.0,0.6674687524110794,0.005799999999999972,138417.0,207376.0,16813.0,28531.0,2026-10-23,36.0,335.0,-0.2115,5.75,9.35,7.55,0.5054,42.0,0.47682119205298007,-0.10440187813609714,0.02253731343283582,0.22850331674958538
PAYX,Paychex,Industrials,Human Resource & Employment Services,2026-09-17,118.24,0.33402,0.25134567934569874,1.3289267628133432,,,1.0,0.55448073844477,0.021199999999999997,16279.0,29359.0,5.0,28.0,2026-10-16,29.0,110.0,-0.2226,1.4,1.7,1.5499999999999998,0.3524,50.0,0.19354838709677424,-0.06968876860622464,0.01409090909090909,0.17735109717868336
PCAR,Paccar,Industrials,Construction Machinery & Heavy Transportation Equipment,2026-09-17,122.69,0.25822,0.1808422287733747,1.427874461354889,,,1.0,1.1271213922819154,-0.01880000000000001,10427.0,9251.0,7254.0,223.0,2026-10-16,29.0,115.0,-0.2118,0.05,1.5,0.775,0.2441,132.0,1.8709677419354838,-0.062678294889559,0.006739130434782609,0.08482008995502249
PCG,PG&E Corporation,Utilities,Multi-Utilities,2026-09-17,13.39,0.41104999999999997,0.9507665396384866,0.43233536611027035,,,1.0,0.5178502444939864,0.040200000000000014,462476.0,893069.0,11372.0,35248.0,2026-10-23,36.0,12.0,-0.2052,0.11,0.46,0.28500000000000003,0.4978,20.0,1.2280701754385965,-0.10380881254667662,0.023750000000000004,0.24079861111111114
PEG,Public Service Enterprise Group,Utilities,Electric Utilities,2026-09-17,70.39,0.19449000000000002,0.15456994148088166,1.2582653401861834,,,1.0,0.46925592152484247,-0.02150000000000002,5884.0,12539.0,185.0,16.0,2026-10-16,29.0,67.5,-0.2519,0.05,0.8,0.42500000000000004,0.1921,22.0,1.764705882352941,-0.04105696831936356,0.006296296296296297,0.07924648786717753
PEP,PepsiCo,Consumer Staples,Soft Drinks & Non-alcoholic Beverages,2026-09-17,133.72,0.23767,0.14094562808260203,1.6862530837828618,,,1.0,0.5279548175650344,0.04300000000000001,130965.0,248061.0,23946.0,13723.0,2026-10-23,36.0,126.0,-0.195,0.72,1.35,1.0350000000000001,0.2338,13.0,0.6086956521739131,-0.05773257553096023,0.008214285714285716,0.08328373015873018
PFE,Pfizer,Health Care,Pharmaceuticals,2026-09-17,27.665,0.21433,0.22160530906949596,0.9671699694378061,,,1.0,0.8085957966135727,0.02049999999999999,1030937.0,1274972.0,15308.0,57493.0,2026-10-23,36.0,26.0,-0.1737,0.13,0.21,0.16999999999999998,0.2206,68.0,0.47058823529411764,-0.0601843484547262,0.006538461538461538,0.06629273504273504
PFG,Principal Financial Group,Financials,Life & Health Insurance,2026-09-17,116.64,0.25176,0.2969831632664024,0.8477248246364865,,,1.0,0.26466992665036676,0.07809999999999997,433.0,1636.0,70.0,36.0,2026-10-16,29.0,110.0,-0.2431,1.05,1.65,1.35,0.2991,67.0,0.4444444444444443,-0.05692729766803839,0.012272727272727274,0.15446708463949843
PG,Procter & Gamble,Consumer Staples,Personal Care Products,2026-09-17,147.47,0.18444,0.15403222345765133,1.1974117873505137,,,1.0,0.6852823388928884,-0.0025000000000000022,158967.0,231973.0,3664.0,12851.0,2026-10-23,36.0,139.0,-0.2,0.71,1.52,1.115,0.2176,21.0,0.7264573991031391,-0.05743541059198476,0.008021582733812949,0.08132993605115907
PGR,Progressive Corporation,Financials,Property & Casualty Insurance,2026-09-17,215.61,0.25977,0.2532946185779933,1.0255646229610396,,,1.0,0.9041848804319876,0.028600000000000014,28131.0,31112.0,670.0,1114.0,2026-10-23,36.0,200.0,-0.1926,1.75,2.7,2.225,0.3012,1.0,0.4269662921348315,-0.07239923936737636,0.011125000000000001,0.11279513888888891
PH,Parker Hannifin,Industrials,Industrial Machinery & Supplies & Components,2026-09-17,934.96,0.26335000000000003,0.2389700910380403,1.1020207543800067,,,1.0,0.8518608023199613,0.017199999999999993,3525.0,4138.0,25.0,121.0,2026-10-16,29.0,870.0,-0.217,6.0,12.7,9.35,0.2736,5.0,0.7165775401069518,-0.0694789081885856,0.010747126436781608,0.13526555687673406
PHM,PulteGroup,Consumer Discretionary,Homebuilding,2026-09-17,117.55,0.34475,0.28242814168299385,1.2206644775043634,,,1.0,1.155060097256629,0.0494,12589.0,10899.0,220.0,332.0,2026-10-23,36.0,106.0,-0.1971,0.45,2.85,1.6500000000000001,0.4079,0.0,1.4545454545454544,-0.09825606125053166,0.015566037735849058,0.15782232704402518
PKG,Packaging Corporation of America,Materials,Paper & Plastic Packaging Products & Materials,2026-09-17,235.29,0.25896,0.23559838557472054,1.0991586354392495,,,1.0,0.18717801946193474,-0.0016999999999999793,327.0,1747.0,17.0,25.0,2026-10-16,29.0,220.0,-0.2165,1.35,2.55,1.95,0.2818,29.0,0.6153846153846153,-0.06498363721365119,0.008863636363636363,0.11155956112852665
PLD,Prologis,Real Estate,Industrial REITs,2026-09-17,134.445,0.23608,0.15759483916125971,1.4980185979214076,,,1.0,0.8159574211882571,0.04099999999999998,33881.0,41523.0,50.0,72.0,2026-10-16,29.0,125.0,-0.1613,0.8,1.05,0.925,0.282,277.0,0.27027027027027023,-0.07025177581910813,0.0074,0.09313793103448276
PLTR,Palantir Technologies,Information Technology,Application Software,2026-09-17,175.41,0.46875999999999995,0.518315944503568,0.9043904687303578,,,1.0,0.7747076069615477,0.02180000000000004,906607.0,1170257.0,117625.0,224513.0,2026-10-23,36.0,157.5,-0.2058,3.3,3.45,3.375,0.4933,168.0,0.04444444444444455,-0.1021036428937917,0.02142857142857143,0.21726190476190477
PM,Philip Morris International,Consumer Staples,Tobacco,2026-09-17,189.23,0.27383,0.2155289437320148,1.2705022131063557,,,1.0,1.104310093044603,0.021199999999999997,79401.0,71901.0,1116.0,356.0,2026-10-23,36.0,175.0,-0.2253,2.1,3.4,2.75,0.3376,7.0,0.47272727272727266,-0.07519949268086445,0.015714285714285715,0.15932539682539681
PNC,PNC Financial Services,Financials,Diversified Banks,2026-09-17,231.49,0.26539,0.1971713998950134,1.3459862847315105,,,1.0,0.8396780509027627,0.022899999999999976,19300.0,22985.0,1689.0,1347.0,2026-10-23,36.0,215.0,-0.2089,1.1,4.2,2.6500000000000004,0.292,0.0,1.169811320754717,-0.07123417858222825,0.012325581395348839,0.12496770025839796
PNR,Pentair,Industrials,Industrial Machinery & Supplies & Components,2026-09-17,56.81,0.32383,0.22866382473082716,1.4161837815019416,,,1.0,0.6593175115854515,0.014900000000000024,4695.0,7121.0,20.0,43.0,2026-10-16,29.0,52.5,-0.2204,0.5,1.0,0.75,0.3639,15.0,0.6666666666666666,-0.07586692483717661,0.014285714285714285,0.17980295566502463
PNW,Pinnacle West Capital,Utilities,Multi-Utilities,2026-09-17,94.99,0.19619,0.10859643792626243,1.8065970095005701,,,1.0,0.3229963753523963,0.0,802.0,2483.0,0.0,21.0,2026-10-16,29.0,95.0,-0.4624,1.65,2.2,1.925,0.1976,128.0,0.28571428571428586,0.0001052742393936601,0.020263157894736844,0.2550362976406534
PODD,Insulet Corporation,Health Care,Health Care Equipment,2026-09-17,139.91,0.41395000000000004,0.3533280268887804,1.1715741987552606,,,1.0,1.927325581395349,-0.035099999999999965,6630.0,3440.0,61.0,342.0,2026-10-16,29.0,130.0,-0.2662,0.85,5.3,3.0749999999999997,0.4373,31.0,1.4471544715447155,-0.07083124865985269,0.02365384615384615,0.2977122015915119
PPG,PPG Industries,Materials,Specialty Chemicals,2026-09-17,104.98,0.27527,0.21299324179763238,1.2923884235798317,,,1.0,0.2908316817147471,0.11580000000000001,3962.0,13623.0,277.0,395.0,2026-10-23,36.0,96.0,-0.1774,0.55,2.9,1.725,0.4026,0.0,1.36231884057971,-0.08554010287673841,0.017968750000000002,0.18218315972222224
PPL,PPL Corporation,Utilities,Electric Utilities,2026-09-17,33.605,0.18992,0.1706900620899157,1.1126599737245066,,,1.0,0.9667751158434388,0.02460000000000001,19612.0,20286.0,26.0,112.0,2026-10-16,29.0,32.0,-0.2126,0.05,0.4,0.225,0.2179,25.0,1.5555555555555556,-0.04776074988840939,0.00703125,0.08849676724137931
PRU,Prudential Financial,Financials,Life & Health Insurance,2026-09-17,117.04,0.24879,0.2107934072804806,1.1802551285152925,,,1.0,0.8999818760841986,0.018400000000000027,34760.0,38623.0,511.0,463.0,2026-10-16,29.0,110.0,-0.1995,0.9,1.2,1.05,0.2785,790.0,0.28571428571428564,-0.06015037593984962,0.009545454545454546,0.12014106583072101
PSA,Public Storage,Real Estate,Self-Storage REITs,2026-09-17,294.68,0.22585999999999998,0.1843480335797699,1.225182583259112,,,1.0,1.5802374569130602,0.011699999999999988,4126.0,2611.0,84.0,106.0,2026-10-16,29.0,280.0,-0.2085,1.6,2.85,2.225,0.2319,47.0,0.5617977528089887,-0.049816750373286256,0.007946428571428571,0.10001539408866995
PSKY,Paramount Skydance Corporation,Communication Services,Movies & Entertainment,2026-09-17,10.69,0.51644,0.36235135586347494,1.4252464952679296,,,1.0,1.012820590966258,0.0766,498487.0,492177.0,6119.0,16584.0,2026-10-23,36.0,9.5,-0.2227,0.17,0.55,0.36000000000000004,0.6444,7.0,1.0555555555555554,-0.11131898971000931,0.037894736842105266,0.3842105263157895
PSX,Phillips 66,Energy,Oil & Gas Refining & Marketing,2026-09-17,273.13,0.40877,0.21530568802478497,1.8985564373614892,,,1.0,0.8542641634091285,0.021299999999999986,31032.0,36326.0,1870.0,2270.0,2026-10-23,36.0,245.0,-0.189,3.0,5.4,4.2,0.4392,3.0,0.5714285714285715,-0.10299124958810824,0.017142857142857144,0.1738095238095238
PTC,PTC Inc.,Information Technology,Application Software,2026-09-17,130.01,0.45054,0.46486036097301947,0.9691942738609829,,,1.0,0.7939228110599078,0.04459999999999997,5513.0,6944.0,78.0,14.0,2026-10-16,29.0,120.0,-0.2318,1.0,4.6,2.8,0.5014,10.0,1.2857142857142856,-0.07699407737866315,0.02333333333333333,0.2936781609195402
PWR,Quanta Services,Industrials,Construction & Engineering,2026-09-17,616.0237,0.40385,0.3892025764391518,1.037634446551867,,,1.0,2.421259842519685,0.005500000000000005,36900.0,15240.0,6342.0,847.0,2026-10-16,29.0,560.0,-0.1841,6.5,7.9,7.2,0.4069,2101.0,0.19444444444444448,-0.09094406595070936,0.012857142857142857,0.16182266009852217
PYPL,PayPal,Financials,Transaction & Payment Processing Services,2026-09-17,52.94,0.31157,0.5791532207387079,0.5379750795525121,,,1.0,0.6373806189483048,-0.0378,424187.0,665516.0,13302.0,21963.0,2026-10-23,36.0,49.0,-0.1983,0.33,0.77,0.55,0.3082,149.0,0.7999999999999999,-0.07442387608613521,0.011224489795918368,0.11380385487528345
Q,Qnity Electronics,Information Technology,Semiconductor Materials & Equipment,2026-09-17,116.01,0.52272,0.509919925725102,1.0251021260969482,,,1.0,2.445819982522575,0.0037999999999999146,33586.0,13732.0,144.0,359.0,2026-10-16,29.0,100.0,-0.1699,1.35,2.45,1.9000000000000001,0.5739,185.0,0.5789473684210527,-0.13800534436686496,0.019000000000000003,0.2391379310344828
QCOM,Qualcomm,Information Technology,Semiconductors,2026-09-17,188.5,0.46429000000000004,0.27729909341634656,1.6743293109252932,,,1.0,0.9320155988975932,-0.013200000000000045,352040.0,377719.0,23310.0,51466.0,2026-10-23,36.0,170.0,-0.2084,2.71,3.75,3.23,0.4518,138.0,0.3219814241486068,-0.09814323607427056,0.019,0.1926388888888889
RCL,Royal Caribbean Group,Consumer Discretionary,"Hotels, Resorts & Cruise Lines",2026-09-17,250.36,0.38162999999999997,0.2683972447156317,1.4218849392598607,,,1.0,2.4103369292153096,0.029100000000000015,65243.0,27068.0,16021.0,1496.0,2026-10-23,36.0,225.0,-0.1776,1.6,4.8,3.2,0.4015,17.0,0.9999999999999999,-0.10129413644352137,0.014222222222222223,0.14419753086419754
RDDT,Reddit,Communication Services,Interactive Media & Services,2026-09-17,153.279,0.55296,0.5691936523198718,0.9714795619141077,,,1.0,1.3269449431478157,0.01959999999999995,177386.0,133680.0,27849.0,24860.0,2026-10-23,36.0,135.0,-0.2078,3.05,3.8,3.425,0.5608,117.0,0.21897810218978103,-0.11925312665140042,0.02537037037037037,0.25722736625514403
REG,Regency Centers,Real Estate,Retail REITs,2026-09-17,73.2201,0.17217,0.11493752597699802,1.497944196523385,,,1.0,0.5221674876847291,0.0519,212.0,406.0,1.0,3.0,2026-10-16,29.0,70.0,-0.2136,0.3,0.8,0.55,0.2221,120.0,0.9090909090909091,-0.04397836113307685,0.007857142857142858,0.09889162561576355
REGN,Regeneron Pharmaceuticals,Health Care,Biotechnology,2026-09-17,774.54,0.30267,0.3070863670236679,0.98561848555352,,,1.0,0.729466651307453,0.008400000000000019,12665.0,17362.0,328.0,102.0,2026-10-23,36.0,710.0,-0.1937,3.0,11.8,7.4,0.3158,1.0,1.1891891891891893,-0.08332687788881143,0.010422535211267606,0.10567292644757434
RF,Regions Financial Corporation,Financials,Regional Banks,2026-09-17,28.48,0.25393,0.21013816871138571,1.2083954169637796,,,1.0,0.8997054365544657,0.03859999999999997,31460.0,34967.0,351.0,181.0,2026-10-16,29.0,27.0,-0.2322,0.15,0.6,0.375,0.3146,7.0,1.2,-0.051966292134831504,0.013888888888888888,0.17480842911877392
RJF,Raymond James Financial,Financials,Investment Banking & Brokerage,2026-09-17,164.57,0.24156,0.24865447830515539,0.9714685279207043,,,1.0,0.41050295857988167,0.050000000000000044,3885.0,9464.0,241.0,107.0,2026-10-16,29.0,155.0,-0.2231,1.05,2.85,1.9500000000000002,0.3002,3.0,0.923076923076923,-0.05815154645439624,0.012580645161290325,0.15834260289210236
RL,Ralph Lauren Corporation,Consumer Discretionary,"Apparel, Accessories & Luxury Goods",2026-09-17,338.36,0.28917000000000004,0.25958587304238756,1.1139666292733184,,,1.0,1.5596293311845286,0.023400000000000032,3871.0,2482.0,185.0,162.0,2026-10-16,29.0,310.0,-0.1608,1.1,4.7,2.9000000000000004,0.331,15.0,1.2413793103448274,-0.08381605390708124,0.00935483870967742,0.11774193548387096
RMD,ResMed|,Health Care,Health Care Equipment,2026-09-17,227.7675,0.27789,0.30316019398696614,0.91664408953356,,,1.0,2.313659628918746,0.022399999999999975,14465.0,6252.0,35.0,39.0,2026-10-16,29.0,210.0,-0.158,1.2,2.15,1.6749999999999998,0.3071,79.0,0.5671641791044777,-0.07800717837268267,0.007976190476190475,0.10038998357963874
ROK,Rockwell Automation,Industrials,Electrical Components & Equipment,2026-09-17,411.84,0.265,0.18683019652657715,1.4184002635907038,,,1.0,1.818334892422825,0.010000000000000009,9719.0,5345.0,116.0,40.0,2026-10-16,29.0,390.0,-0.2259,3.8,4.7,4.25,0.2808,1606.0,0.21176470588235302,-0.05303030303030298,0.010897435897435897,0.13715738284703802
ROL,"Rollins, Inc.",Industrials,Environmental & Facilities Services,2026-09-17,33.09,0.26881,0.25544656028606255,1.0523140327236051,,,1.0,0.6048642457724179,0.0,8978.0,14843.0,996.0,1046.0,2026-10-16,29.0,32.5,-0.3916,0.55,0.75,0.65,0.2524,351.0,0.3076923076923076,-0.017830160169235554,0.02,0.2517241379310345
ROP,Roper Technologies,Information Technology,Electronic Equipment & Instruments,2026-09-17,375.87,0.3164,0.2811787079723959,1.1252630125573444,,,1.0,0.78125,0.007000000000000006,1575.0,2016.0,47.0,26.0,2026-10-16,29.0,360.0,-0.2994,3.0,11.1,7.05,0.3292,6.0,1.1489361702127658,-0.04222204485593428,0.019583333333333335,0.2464798850574713
ROST,Ross Stores,Consumer Discretionary,Apparel Retail,2026-09-17,230.62,0.25096,0.2579875298247827,0.9727601956980031,,,1.0,2.1207746478873237,-0.018000000000000016,42161.0,19880.0,281.0,313.0,2026-10-23,36.0,215.0,-0.1587,1.45,1.6,1.525,0.245,9.0,0.09836065573770501,-0.06773046570115349,0.007093023255813953,0.07191537467700257
RSG,Republic Services,Industrials,Environmental & Facilities Services,2026-09-17,219.055,0.18709,0.15779105691479037,1.185681898949644,,,1.0,0.6894075403949731,0.0010000000000000009,2688.0,3899.0,36.0,69.0,2026-10-16,29.0,210.0,-0.2134,1.3,1.8,1.55,0.1959,373.0,0.3225806451612903,-0.04133665061285985,0.007380952380952381,0.09289819376026273
RTX,RTX Corporation,Industrials,Aerospace & Defense,2026-09-17,193.745,0.24475999999999998,0.18822778018612676,1.300339406637915,,,1.0,0.8368435927872929,0.011300000000000032,74023.0,88455.0,858.0,1382.0,2026-10-23,36.0,180.0,-0.1956,1.26,2.2,1.73,0.279,9.0,0.5433526011560694,-0.07094376629074306,0.00961111111111111,0.09744598765432097
RVTY,Revvity,Health Care,Health Care Equipment,2026-09-17,146.5,0.38905,0.4735627137439647,0.821538496821654,,,1.0,0.4719609892023685,0.04620000000000002,1355.0,2871.0,207.0,458.0,2026-10-16,29.0,130.0,-0.1818,0.65,2.25,1.45,0.4163,17.0,1.103448275862069,-0.11262798634812288,0.011153846153846153,0.14038461538461536
SBAC,SBA Communications,Real Estate,Telecom Tower REITs,2026-09-17,181.4,0.24739999999999998,0.22540946982850787,1.097558146905818,,,1.0,1.0239263803680982,0.0030000000000000027,5007.0,4890.0,0.0,1.0,2026-10-16,29.0,170.0,-0.1945,0.1,2.7,1.4000000000000001,0.2747,4.0,1.857142857142857,-0.0628445424476296,0.00823529411764706,0.10365111561866128
SBUX,Starbucks,Consumer Discretionary,Restaurants,2026-09-17,96.72,0.26471,0.23392534747765734,1.1316003282854286,,,1.0,0.9723150742737389,0.006200000000000011,205070.0,210909.0,7601.0,6436.0,2026-10-23,36.0,90.0,-0.1865,0.3,1.0,0.65,0.2495,149.0,1.0769230769230769,-0.0694789081885856,0.007222222222222223,0.07322530864197532
SCHW,Charles Schwab Corporation,Financials,Investment Banking & Brokerage,2026-09-17,104.63,0.27777,0.2232760783190794,1.244065204347796,,,1.0,0.7844194756554307,0.012699999999999989,209440.0,267000.0,11910.0,5909.0,2026-10-23,36.0,97.0,-0.1912,0.81,1.14,0.975,0.2918,5.0,0.3384615384615383,-0.07292363566854632,0.010051546391752576,0.10191151202749141
SHW,Sherwin-Williams,Materials,Specialty Chemicals,2026-09-17,321.845,0.25527,0.21267060736604168,1.2003069119967182,,,1.0,0.8549568078979843,0.030400000000000038,10392.0,12155.0,64.0,9.0,2026-10-16,29.0,300.0,-0.1825,1.95,2.9,2.425,0.2831,1730.0,0.3917525773195876,-0.06787428731221556,0.008083333333333333,0.10173850574712642
SJM,J.M. Smucker Company (The),Consumer Staples,Packaged Foods & Meats,2026-09-17,123.55,0.25268999999999997,0.2628128902300988,0.9614825200497739,,,1.0,1.0077795550385342,0.003400000000000014,13861.0,13754.0,63.0,115.0,2026-10-16,29.0,115.0,-0.1815,0.7,1.1,0.9,0.2832,174.0,0.4444444444444446,-0.06920275192229863,0.00782608695652174,0.09850074962518741
SLB,Schlumberger,Energy,Oil & Gas Equipment & Services,2026-09-17,52.06,0.37659,0.3904666481229881,0.9644613741283806,,,1.0,0.645184178994042,0.011199999999999988,233687.0,362202.0,9029.0,8757.0,2026-10-23,36.0,48.0,-0.217,0.6,0.95,0.7749999999999999,0.3747,1.0,0.4516129032258065,-0.0779869381482905,0.01614583333333333,0.16370081018518517
SMCI,Supermicro,Information Technology,"Technology Hardware, Storage & Peripherals",2026-09-17,40.4,0.70128,0.6823422578107806,1.027754022226293,,,1.0,0.5707479151397777,0.015000000000000013,407284.0,713597.0,107634.0,269612.0,2026-10-23,36.0,34.0,-0.1884,0.99,1.11,1.05,0.7204,86.0,0.11428571428571438,-0.15841584158415833,0.030882352941176472,0.31311274509803927
SNA,Snap-on,Industrials,Industrial Machinery & Supplies & Components,2026-09-17,373.1401,0.24664000000000003,0.11225571790469642,2.197126387890495,,,1.0,0.5568917668825162,0.0038000000000000256,602.0,1081.0,1.0,11.0,2026-10-16,29.0,350.0,-0.1982,1.1,4.0,2.55,0.2609,6.0,1.1372549019607843,-0.06201450875957859,0.007285714285714285,0.09169950738916256
SNDK,Sandisk,Information Technology,"Technology Hardware, Storage & Peripherals",2026-09-17,1612.5,0.6858799999999999,0.6122632299392688,1.1202371242644005,,,1.0,1.1707149699057857,0.0046999999999999265,245664.0,209841.0,65011.0,113798.0,2026-10-23,36.0,1380.0,-0.2014,41.3,46.1,43.7,0.6969,30.0,0.10983981693363853,-0.14418604651162792,0.03166666666666667,0.3210648148148148
SNPS,Synopsys,Information Technology,Application Software,2026-09-17,379.88,0.43278,0.6284400059336608,0.6886576219109848,,,1.0,1.5932852894074583,0.020600000000000007,55714.0,34968.0,466.0,685.0,2026-10-23,36.0,340.0,-0.1942,5.0,6.5,5.75,0.444,16.0,0.2608695652173913,-0.1049805201642624,0.016911764705882352,0.17146650326797383
SO,Southern Company,Utilities,Electric Utilities,2026-09-17,86.8312,0.17332999999999998,0.14064400944988995,1.2324022948290287,,,1.0,0.7319273399014778,0.02529999999999999,47546.0,64960.0,1228.0,1336.0,2026-10-23,36.0,81.0,-0.1726,0.25,0.85,0.55,0.2228,0.0,1.0909090909090908,-0.06715558462856663,0.006790123456790124,0.0688443072702332
SOLV,Solventum,Health Care,Health Care Technology,2026-09-17,87.73,0.31302,0.18391522814593472,1.7019797825094836,,,1.0,0.134638196915777,0.11369999999999997,2724.0,20232.0,2.0,38.0,2026-10-16,29.0,80.0,-0.1555,0.05,2.8,1.4249999999999998,0.4639,120.0,1.929824561403509,-0.08811125042744794,0.0178125,0.22419181034482757
SPG,Simon Property Group,Real Estate,Retail REITs,2026-09-17,205.19,0.20923999999999998,0.14630254275888588,1.430187036084795,,,1.0,1.2064716489681426,0.018199999999999994,24086.0,19964.0,424.0,133.0,2026-10-16,29.0,195.0,-0.197,1.4,1.7,1.5499999999999998,0.2349,216.0,0.19354838709677424,-0.04966128953652715,0.007948717948717947,0.1000442086648983
SPGI,S&P Global,Financials,Financial Exchanges & Data,2026-09-17,406.91,0.26940000000000003,0.29562190022830265,0.9112991960066152,,,1.0,1.3659177122847972,0.007099999999999995,14043.0,10281.0,1454.0,459.0,2026-10-23,36.0,380.0,-0.2081,3.9,4.7,4.3,0.2899,39.0,0.18604651162790706,-0.06613256002555856,0.01131578947368421,0.11472953216374268
SRE,Sempra,Utilities,Multi-Utilities,2026-09-17,82.07,0.22954,0.3133333710573743,0.7325743798861726,,,1.0,0.9131973012999836,0.03520000000000001,11099.0,12154.0,4.0,7.0,2026-10-16,29.0,75.0,-0.1536,0.2,0.8,0.5,0.2965,182.0,1.2000000000000002,-0.08614597294992077,0.006666666666666667,0.0839080459770115
STE,Steris,Health Care,Health Care Equipment,2026-09-17,208.04,0.23713,0.18701828553333893,1.2679508815074014,,,1.0,1.069767441860465,0.024899999999999978,1012.0,946.0,761.0,15.0,2026-10-16,29.0,195.0,-0.1917,0.25,2.15,1.2,0.2448,0.0,1.5833333333333333,-0.06268025379734665,0.006153846153846154,0.07745358090185676
STLD,Steel Dynamics,Materials,Steel,2026-09-17,239.5,0.40787,0.4639285665693702,0.8791655211406606,,,1.0,0.500886839304718,-0.0022999999999999687,8472.0,16914.0,103.0,2335.0,2026-10-16,29.0,220.0,-0.2341,3.3,5.0,4.15,0.4223,16.0,0.40963855421686746,-0.08141962421711901,0.018863636363636364,0.23742163009404388
STT,State Street Corporation,Financials,Asset Management & Custody Banks,2026-09-17,182.75,0.33781,0.2447618535585585,1.3801578762729054,,,1.0,0.6525495679968036,-0.016500000000000015,13066.0,20023.0,292.0,869.0,2026-10-16,29.0,170.0,-0.2263,1.4,3.3,2.3499999999999996,0.3434,129.0,0.8085106382978724,-0.06976744186046513,0.013823529411764703,0.17398580121703852
STX,Seagate Technology,Information Technology,"Technology Hardware, Storage & Peripherals",2026-09-17,801.3522,0.6431,0.5976267249485777,1.0760897616406546,,,1.0,1.4317080988674407,-0.014000000000000012,80399.0,56156.0,7868.0,5964.0,2026-10-23,36.0,690.0,-0.2037,16.7,24.3,20.5,0.6624,33.0,0.3707317073170732,-0.1389553806678262,0.029710144927536233,0.3012278582930757
STZ,Constellation Brands,Consumer Staples,Distillers & Vintners,2026-09-17,123.01,0.34434,0.28211980349193183,1.2205452993300683,,,1.0,1.4508422766388676,-0.06769999999999998,43666.0,30097.0,837.0,633.0,2026-10-23,36.0,113.0,-0.2017,0.05,1.95,1.0,0.2969,1.0,1.9,-0.08137549792699783,0.008849557522123894,0.08972468043264503
SW,Smurfit Westrock,Materials,Paper & Plastic Packaging Products & Materials,2026-09-17,45.81,0.36589,0.35010110160382213,1.0450981111566016,,,1.0,0.21808401988152787,0.07169999999999999,3203.0,14687.0,41.0,77.0,2026-10-16,29.0,40.0,-0.1484,0.05,0.7,0.375,0.4455,473.0,1.7333333333333332,-0.12682820344902868,0.009375,0.11799568965517242
SWK,Stanley Black & Decker,Industrials,Industrial Machinery & Supplies & Components,2026-09-17,88.58,0.33557000000000003,0.24120654144666717,1.3912143426433459,,,1.0,0.24655789003129192,0.013299999999999979,11031.0,44740.0,220.0,280.0,2026-10-16,29.0,82.5,-0.2194,1.15,1.25,1.2,0.3533,177.0,0.08333333333333341,-0.0686385188530142,0.014545454545454545,0.18307210031347965
SWKS,Skyworks Solutions,Information Technology,Semiconductors,2026-09-17,91.11,0.56861,0.7667728606981234,0.741562500637148,,,1.0,0.7510438137519159,0.026499999999999968,28421.0,37842.0,995.0,3297.0,2026-10-16,29.0,80.0,-0.1862,1.5,1.85,1.675,0.5928,3085.0,0.20895522388059706,-0.12194051146965201,0.0209375,0.26352370689655175
SYF,Synchrony Financial,Financials,Consumer Finance,2026-09-17,76.06,0.32567,0.2758620146092516,1.180553982618084,,,1.0,0.7552778496690945,0.020699999999999996,20428.0,27047.0,5179.0,434.0,2026-10-16,29.0,70.0,-0.1962,0.65,1.35,1.0,0.3836,48.0,0.7000000000000001,-0.07967394162503294,0.014285714285714285,0.17980295566502463
SYK,Stryker Corporation,Health Care,Health Care Equipment,2026-09-17,287.7655,0.30444,0.43564667606741236,0.6988231902701139,,,1.0,0.7091055195620511,0.019199999999999995,14119.0,19911.0,326.0,587.0,2026-10-16,29.0,270.0,-0.2303,3.5,3.8,3.65,0.3194,341.0,0.08219178082191776,-0.06173603159517027,0.013518518518518518,0.17014687100893996
SYY,Sysco,Consumer Staples,Food Distributors,2026-09-17,79.75,0.21857,0.2277329693541019,0.9597644145242124,,,1.0,0.4353648617243783,0.029700000000000004,14987.0,34424.0,2153.0,4804.0,2026-10-16,29.0,75.0,-0.2032,0.5,0.8,0.65,0.2435,197.0,0.46153846153846156,-0.059561128526645746,0.008666666666666666,0.10908045977011493
T,AT&T,Communication Services,Integrated Telecommunication Services,2026-09-17,25.4195,0.23922000000000002,0.2097518095820273,1.1404907565598315,,,1.0,0.7295327487004235,0.020000000000000018,464948.0,637323.0,39263.0,42678.0,2026-10-23,36.0,23.5,-0.215,0.1,0.36,0.22999999999999998,0.2684,39.0,1.1304347826086958,-0.07551289364464286,0.00978723404255319,0.09923167848699763
TAP,Molson Coors Beverage Company,Consumer Staples,Brewers,2026-09-17,39.23,0.28033,0.2805821212933857,0.9991014349302675,,,1.0,1.235599030181423,0.08129999999999998,14779.0,11961.0,139.0,236.0,2026-10-16,29.0,35.0,-0.1265,0.15,0.3,0.22499999999999998,0.3595,618.0,0.6666666666666667,-0.1078256436400713,0.006428571428571428,0.08091133004926107
TDG,TransDigm Group,Industrials,Aerospace & Defense,2026-09-17,1080.11,0.29175,0.22051570114315386,1.323035042346497,,,1.0,1.0593667546174141,0.01369999999999999,3212.0,3032.0,46.0,1122.0,2026-10-16,29.0,1000.0,-0.1806,5.0,13.3,9.15,0.3073,6.0,0.907103825136612,-0.0741683717399153,0.00915,0.11516379310344828
TDY,Teledyne Technologies,Information Technology,Electronic Equipment & Instruments,2026-09-17,598.0,0.26921,0.17449135206088529,1.542827176363815,,,1.0,0.30051150895140666,0.03770000000000001,235.0,782.0,3.0,13.0,2026-10-16,29.0,560.0,-0.209,2.8,11.6,7.199999999999999,0.3254,2.0,1.2222222222222225,-0.0635451505016722,0.012857142857142855,0.16182266009852214
TECH,Bio-Techne,Health Care,Life Sciences Tools & Services,2026-09-17,72.11,0.044640000000000006,0.027207223780351498,1.640740722404691,,,1.0,0.045472287275565966,,3029.0,66612.0,24.0,1835.0,2026-10-16,29.0,75.0,-0.9432,0.7,4.9,2.8000000000000003,0.0,0.0,1.5,0.04007765913188188,0.037333333333333336,0.46988505747126436
TEL,TE Connectivity,Information Technology,Electronic Manufacturing Services,2026-09-17,201.42,0.31978,0.3045412920420116,1.0500382324374136,,,1.0,0.6903285802851828,0.011400000000000021,6681.0,9678.0,1373.0,155.0,2026-10-16,29.0,185.0,-0.1824,1.55,2.35,1.9500000000000002,0.3433,35.0,0.41025641025641024,-0.08152119948366587,0.010540540540540542,0.13266542404473441
TER,Teradyne,Information Technology,Semiconductor Materials & Equipment,2026-09-17,358.21,0.63268,0.7100898045072799,0.8909858950009946,,,1.0,1.519263467838925,0.02069999999999994,36634.0,24113.0,1282.0,1012.0,2026-10-23,36.0,310.0,-0.2098,7.4,13.9,10.65,0.688,6.0,0.6103286384976525,-0.13458585745791574,0.03435483870967742,0.3483198924731183
TFC,Truist Financial,Financials,Diversified Banks,2026-09-17,48.3811,0.25906,0.21788682730515635,1.1889658645457237,,,1.0,0.7075028143831534,0.023799999999999988,64104.0,90606.0,1153.0,1278.0,2026-10-16,29.0,45.0,-0.1774,0.3,0.55,0.42500000000000004,0.3161,1040.0,0.5882352941176471,-0.0698847277139214,0.009444444444444446,0.1188697318007663
TGT,Target Corporation,Consumer Staples,Consumer Staples Merchandise Retail,2026-09-17,159.5732,0.29662,0.3523017536007043,0.8419486902020547,,,1.0,0.677789663326202,0.02679999999999999,120389.0,177620.0,4107.0,4274.0,2026-10-23,36.0,148.0,-0.1966,1.68,2.17,1.9249999999999998,0.3258,2.0,0.2545454545454546,-0.07252596300631942,0.013006756756756756,0.13187406156156156
TJX,TJX Companies,Consumer Discretionary,Apparel Retail,2026-09-17,126.9,0.23457,0.2100668222749834,1.1166446821999394,,,1.0,0.6599817074530975,-0.0007000000000000062,59170.0,89654.0,9323.0,8027.0,2026-10-23,36.0,120.0,-0.2088,0.95,1.25,1.1,0.2323,58.0,0.27272727272727276,-0.05437352245862892,0.009166666666666667,0.09293981481481481
TKO,TKO Group Holdings,Communication Services,Movies & Entertainment,2026-09-17,189.3,0.33649,0.37997256156003467,0.8855639434028856,,,1.0,0.46054105970866016,-0.0126,2877.0,6247.0,47.0,60.0,2026-10-16,29.0,175.0,-0.1954,1.5,2.1,1.8,0.3307,109.0,0.33333333333333337,-0.07554146856841004,0.010285714285714285,0.12945812807881774
TMO,Thermo Fisher Scientific,Health Care,Life Sciences Tools & Services,2026-09-17,661.435,0.28366,0.2832674608799299,1.0013857543639173,,,1.0,0.7542028985507246,0.01899999999999996,23418.0,31050.0,1510.0,1929.0,2026-10-23,36.0,610.0,-0.2091,4.8,12.7,8.75,0.3495,0.0,0.9028571428571428,-0.07776274312668663,0.014344262295081968,0.1454348816029144
TMUS,T-Mobile US,Communication Services,Wireless Telecommunication Services,2026-09-17,167.915,0.30253,0.26309420434599134,1.1498923009423165,,,1.0,0.8549227040482117,0.006299999999999972,52205.0,61064.0,16500.0,6523.0,2026-10-23,36.0,155.0,-0.1942,1.65,1.9,1.775,0.3176,17.0,0.14084507042253522,-0.07691391477831044,0.011451612903225807,0.11610663082437275
TPL,Texas Pacific Land Corporation,Energy,Oil & Gas Exploration & Production,2026-09-17,353.69,0.43273000000000006,0.36335323142095516,1.1909347780057855,,,1.0,1.1504005059021922,0.018699999999999994,10915.0,9488.0,301.0,252.0,2026-10-16,29.0,320.0,-0.1917,4.1,5.6,4.85,0.442,82.0,0.30927835051546393,-0.09525290508637507,0.01515625,0.1907596982758621
TPR,"Tapestry, Inc.",Consumer Discretionary,"Apparel, Accessories & Luxury Goods",2026-09-17,119.68,0.35509999999999997,0.3326873896040399,1.067368379735208,,,1.0,0.9137337760338062,-0.060299999999999965,15136.0,16565.0,771.0,1321.0,2026-10-23,36.0,110.0,-0.2076,0.3,1.9,1.0999999999999999,0.3048,0.0,1.4545454545454546,-0.08088235294117652,0.009999999999999998,0.10138888888888888
TRGP,Targa Resources,Energy,Oil & Gas Storage & Transportation,2026-09-17,285.0,0.30442,0.21188094088961965,1.436750274573252,,,1.0,0.21965317919075145,0.0257,2736.0,12456.0,255.0,612.0,2026-10-16,29.0,260.0,-0.1603,1.45,2.85,2.15,0.338,171.0,0.6511627906976745,-0.08771929824561409,0.008269230769230768,0.10407824933687002
TRMB,Trimble Inc.,Information Technology,Application Software,2026-09-17,58.51,0.39296,0.27130868231344174,1.448387116288505,,,1.0,0.6223443610611986,0.05010000000000003,5888.0,9461.0,15.0,44.0,2026-10-16,29.0,55.0,-0.2761,0.8,1.55,1.175,0.3956,78.0,0.6382978723404255,-0.059989745342676426,0.021363636363636366,0.26888714733542324
TROW,T. Rowe Price,Financials,Asset Management & Custody Banks,2026-09-17,103.0,0.24533000000000002,0.14430372689309867,1.7000946911214732,,,1.0,0.9175044682752458,0.045399999999999996,16427.0,17904.0,283.0,518.0,2026-10-16,29.0,95.0,-0.1726,0.2,1.0,0.6,0.2671,165.0,1.3333333333333335,-0.07766990291262132,0.00631578947368421,0.079491833030853
TRV,Travelers Companies (The),Financials,Property & Casualty Insurance,2026-09-17,380.91,0.25421,0.16890991912700967,1.5050033847263287,,,1.0,0.5791979684689451,0.01469999999999999,5474.0,9451.0,257.0,133.0,2026-10-16,29.0,360.0,-0.2334,2.8,5.8,4.3,0.2779,84.0,0.6976744186046512,-0.054894857052847246,0.011944444444444443,0.15033524904214557
TSCO,Tractor Supply,Consumer Discretionary,Other Specialty Retail,2026-09-17,32.79,0.34664,0.28112124512538966,1.233062267653897,,,1.0,0.43419450831867984,0.0736,38520.0,88716.0,1290.0,1255.0,2026-10-23,36.0,30.0,-0.2189,0.4,0.9,0.65,0.4439,22.0,0.7692307692307692,-0.08508691674290936,0.021666666666666667,0.2196759259259259
TSLA,"Tesla, Inc.",Consumer Discretionary,Automobile Manufacturers,2026-09-17,365.96,0.415,0.5096152284584641,0.8143398721724509,,,1.0,1.0939930146308008,0.012299999999999978,1569566.0,1434713.0,840467.0,1336797.0,2026-10-23,36.0,330.0,-0.2063,6.35,6.6,6.475,0.4564,343.0,0.03861003861003861,-0.09826210514810352,0.01962121212121212,0.19893728956228954
TSN,Tyson Foods,Consumer Staples,Packaged Foods & Meats,2026-09-17,52.5,0.23868999999999999,0.3127601019408395,0.7631727912825329,,,1.0,1.2443122585392776,0.0431,20291.0,16307.0,304.0,443.0,2026-10-16,29.0,50.0,-0.2275,0.4,0.6,0.5,0.2481,765.0,0.3999999999999999,-0.04761904761904767,0.01,0.12586206896551724
TT,Trane Technologies,Industrials,Building Products,2026-09-17,422.73,0.28181999999999996,0.20051175053788112,1.4055036637204856,,,1.0,0.8409934341992578,0.02150000000000002,5892.0,7006.0,260.0,353.0,2026-10-16,29.0,390.0,-0.1722,1.9,5.2,3.55,0.3119,9.0,0.9295774647887325,-0.07742530693350369,0.009102564102564102,0.11456675508399645
TTD,Trade Desk (The),Communication Services,Advertising,2026-09-17,14.26,0.53649,0.3856367836687256,1.3911795314133264,,,1.0,1.0213142703317082,-0.037900000000000045,170728.0,167165.0,5649.0,18136.0,2026-10-23,36.0,12.5,-0.1916,0.11,0.32,0.215,0.4921,46.0,0.9767441860465117,-0.12342215988779803,0.0172,0.17438888888888887
TTWO,Take-Two Interactive,Communication Services,Interactive Home Entertainment,2026-09-17,210.87,0.36171,0.3707526442568209,0.9756100343533705,,,1.0,1.0377860463354824,-0.0017000000000000348,109612.0,105621.0,16817.0,6549.0,2026-10-23,36.0,195.0,-0.2257,1.85,4.4,3.125,0.3586,30.0,0.8160000000000001,-0.07525963863992036,0.016025641025641024,0.16248219373219372
TXN,Texas Instruments,Information Technology,Semiconductors,2026-09-17,260.11,0.38079999999999997,0.2672514820000771,1.4248751668284112,,,1.0,0.9870021007751135,0.02510000000000001,95375.0,96631.0,755.0,741.0,2026-10-23,36.0,235.0,-0.2082,3.5,5.05,4.275,0.4369,35.0,0.3625730994152046,-0.09653608088885479,0.018191489361702128,0.18444148936170213
TXT,Textron,Industrials,Aerospace & Defense,2026-09-17,80.72,0.21797,0.20582135817180122,1.0590251756965776,,,1.0,0.6256946282085207,0.018500000000000016,4729.0,7558.0,13.0,334.0,2026-10-16,29.0,75.0,-0.1565,0.1,0.75,0.425,0.2528,62.0,1.5294117647058825,-0.07086223984142714,0.005666666666666666,0.07132183908045978
TYL,Tyler Technologies,Information Technology,Application Software,2026-09-17,338.56,0.43560000000000004,0.443400894745155,0.9824066779350129,,,1.0,0.3898614150255288,0.03919999999999996,2138.0,5484.0,170.0,27.0,2026-10-16,29.0,310.0,-0.2192,1.7,9.8,5.75,0.4594,6.0,1.4086956521739133,-0.08435727788279779,0.018548387096774192,0.23345383759733035
UAL,United Airlines Holdings,Industrials,Passenger Airlines,2026-09-17,107.64,0.49225,0.35628727363862284,1.3816098312264788,,,1.0,0.7073450713079223,0.017900000000000027,129401.0,182939.0,8685.0,11762.0,2026-10-23,36.0,96.0,-0.2063,1.68,2.6,2.14,0.5106,3.0,0.4299065420560748,-0.10813823857302118,0.022291666666666668,0.2260127314814815
UBER,Uber,Industrials,Passenger Ground Transportation,2026-09-17,70.9965,0.33502000000000004,0.3415930384860946,0.9807576919154277,,,1.0,1.1483148981559952,0.0022000000000000353,628707.0,547504.0,64004.0,59147.0,2026-10-23,36.0,65.0,-0.1835,0.69,0.87,0.78,0.3385,334.0,0.23076923076923084,-0.08446191009415949,0.012,0.12166666666666666
UDR,"UDR, Inc.",Real Estate,Multi-Family Residential REITs,2026-09-17,34.4,0.19657,0.14549330213204512,1.3510587574787414,,,1.0,0.44811683320522677,0.0,583.0,1301.0,1.0,5.0,2026-10-16,29.0,32.5,-0.183,0.1,0.3,0.2,0.2367,9.0,0.9999999999999999,-0.05523255813953487,0.006153846153846154,0.07745358090185676
UHS,Universal Health Services,Health Care,Health Care Facilities,2026-09-17,176.85,0.29196,0.2534858368762446,1.1517803266560374,,,1.0,0.7896912229516169,0.01100000000000001,3248.0,4113.0,21.0,224.0,2026-10-16,29.0,165.0,-0.2149,1.55,2.7,2.125,0.3272,11.0,0.5411764705882354,-0.06700593723494486,0.012878787878787878,0.16209508881922674
ULTA,Ulta Beauty,Consumer Discretionary,Other Specialty Retail,2026-09-17,545.585,0.31144,0.3225310851669585,0.965612352802468,,,1.0,1.007745376052821,0.00720000000000004,23810.0,23627.0,201.0,477.0,2026-10-23,36.0,505.0,-0.205,3.7,9.8,6.75,0.332,1.0,0.9037037037037038,-0.07438804219324213,0.013366336633663366,0.13551980198019803
UNH,UnitedHealth Group,Health Care,Managed Health Care,2026-09-17,375.5,0.38787,0.2244301325134081,1.7282438666154936,,,1.0,0.8418996100538295,0.011899999999999966,317807.0,377488.0,21977.0,22652.0,2026-10-23,36.0,345.0,-0.2115,4.95,6.0,5.475,0.3741,83.0,0.1917808219178082,-0.08122503328894803,0.015869565217391305,0.16089975845410628
UNP,Union Pacific Corporation,Industrials,Rail Transportation,2026-09-17,281.69,0.22431,0.1660970650913054,1.350475397483359,,,1.0,0.39919265864517217,0.019000000000000017,30755.0,77043.0,518.0,1452.0,2026-10-23,36.0,260.0,-0.1762,0.05,4.3,2.175,0.2731,0.0,1.9540229885057472,-0.07699953849976926,0.008365384615384615,0.08481570512820512
UPS,United Parcel Service,Industrials,Air Freight & Logistics,2026-09-17,100.71,0.23898,0.19921695372308273,1.1995966986433746,,,1.0,0.885771360082187,0.0,155196.0,175210.0,2817.0,15798.0,2026-10-23,36.0,95.0,-0.2092,0.86,1.07,0.9650000000000001,0.2542,242.0,0.21761658031088088,-0.05669744811835964,0.010157894736842105,0.10298976608187134
URI,United Rentals,Industrials,Trading Companies & Distributors,2026-09-17,989.13,0.32665999999999995,0.30109193549042046,1.0849177991696592,,,1.0,1.002117896223085,-0.011200000000000043,11356.0,11332.0,856.0,795.0,2026-10-23,36.0,890.0,-0.1987,10.2,20.2,15.2,0.4231,0.0,0.6578947368421053,-0.10021938471181746,0.017078651685393256,0.17315855181023718
USB,U.S. Bancorp,Financials,Diversified Banks,2026-09-17,60.25,0.25913,0.20532599865308734,1.2620418344479518,,,1.0,0.6351205526280551,0.020199999999999996,80633.0,126957.0,4386.0,2103.0,2026-10-23,36.0,56.0,-0.2145,0.47,0.8,0.635,0.2812,0.0,0.5196850393700788,-0.0705394190871369,0.011339285714285715,0.11496775793650794
V,Visa Inc.,Financials,Transaction & Payment Processing Services,2026-09-17,369.1434,0.19192,0.18748323432150016,1.0236648663255488,,,1.0,0.9419457362529504,0.017600000000000005,201534.0,213955.0,7866.0,8477.0,2026-10-23,36.0,350.0,-0.1843,2.28,2.7,2.49,0.2132,31.0,0.16867469879518085,-0.05185897946434903,0.0071142857142857145,0.07213095238095239
VEEV,Veeva Systems,Health Care,Health Care Technology,2026-09-17,267.0,0.39298,0.5871761352511033,0.6692710694584748,,,1.0,0.3087886746524886,0.04799999999999999,9641.0,31222.0,462.0,532.0,2026-10-16,29.0,240.0,-0.1875,2.95,4.5,3.725,0.4355,245.0,0.4161073825503355,-0.101123595505618,0.015520833333333334,0.1953484195402299
VICI,Vici Properties,Real Estate,Hotel & Resort REITs,2026-09-17,24.1839,0.19779,0.1515272210971116,1.3053100199946204,,,1.0,0.7253738157744549,0.0,44485.0,61327.0,3783.0,4327.0,2026-10-16,29.0,25.0,-0.7433,0.9,1.05,0.9750000000000001,0.1619,4397.0,0.15384615384615385,0.03374559107505393,0.03900000000000001,0.4908620689655173
VLO,Valero Energy,Energy,Oil & Gas Refining & Marketing,2026-09-17,411.535,0.51148,0.2632193463408092,1.943170238473846,,,1.0,1.2217259338461008,0.013700000000000045,70843.0,57986.0,8245.0,6985.0,2026-10-23,36.0,365.0,-0.2048,7.9,9.6,8.75,0.536,9.0,0.1942857142857142,-0.11307665204660611,0.023972602739726026,0.24305555555555555
VLTO,Veralto,Industrials,Environmental & Facilities Services,2026-09-17,95.75,0.21367,0.21712811553461173,0.9840733866910917,,,1.0,0.08957093642342624,0.09590000000000001,286.0,3193.0,5.0,13.0,2026-10-16,29.0,90.0,-0.2052,0.6,1.0,0.8,0.265,102.0,0.5,-0.06005221932114879,0.008888888888888889,0.11187739463601533
VMC,Vulcan Materials Company,Materials,Construction Materials,2026-09-17,249.2,0.25777,0.24683132678253855,1.0443163894958056,,,1.0,0.5211315610088616,0.020199999999999996,3058.0,5868.0,56.0,25.0,2026-10-16,29.0,230.0,-0.1621,1.2,2.4,1.7999999999999998,0.2982,4.0,0.6666666666666667,-0.0770465489566613,0.007826086956521738,0.0985007496251874
VMRK,Vivmark Residential,Real Estate,Multi-Family Residential REITs,2026-09-17,65.63,0.20262,0.20461452888139098,0.9902522616927796,,,1.0,1.4708942283874165,-0.03040000000000001,5938.0,4037.0,61.0,602.0,2026-10-16,29.0,62.5,-0.252,0.1,1.0,0.55,0.2098,929.0,1.6363636363636362,-0.047691604449184744,0.0088,0.11075862068965518
VRSK,Verisk Analytics,Industrials,Research & Consulting Services,2026-09-17,179.9,0.32264000000000004,0.4096940292110241,0.7875145279059351,,,1.0,0.8835462058602555,0.02749999999999997,3528.0,3993.0,112.0,125.0,2026-10-16,29.0,170.0,-0.2536,2.25,3.6,2.925,0.346,26.0,0.4615384615384616,-0.05503057254030019,0.017205882352941175,0.2165567951318458
VRSN,Verisign,Information Technology,Internet Services & Infrastructure,2026-09-17,297.26,0.27876999999999996,0.2330246390285596,1.196311262028535,,,1.0,0.37563326331397506,0.020999999999999963,6080.0,16186.0,8.0,3561.0,2026-10-16,29.0,280.0,-0.235,3.1,4.2,3.6500000000000004,0.3076,20.0,0.3013698630136986,-0.05806364798492902,0.013035714285714288,0.16407019704433498
VRT,Vertiv,Industrials,Electrical Components & Equipment,2026-09-17,242.37,0.53635,0.6646443060439766,0.8069729855844309,,,1.0,1.4633863637969906,0.013999999999999901,207056.0,141491.0,15097.0,9497.0,2026-10-23,36.0,210.0,-0.1862,4.2,5.05,4.625,0.563,424.0,0.1837837837837837,-0.13355613318480009,0.022023809523809525,0.22329695767195767
VRTX,Vertex Pharmaceuticals,Health Care,Biotechnology,2026-09-17,511.0,0.28853,0.26429702312294523,1.0916884215747755,,,1.0,0.9963876006834269,0.017699999999999994,20411.0,20485.0,267.0,291.0,2026-10-23,36.0,475.0,-0.1985,2.0,9.3,5.65,0.3127,0.0,1.2920353982300885,-0.07045009784735812,0.011894736842105263,0.12059941520467837
VST,Vistra Corp.,Utilities,Electric Utilities,2026-09-17,143.95,0.42168999999999995,0.3464017634893392,1.2173436871460321,,,1.0,1.3992312663696045,0.00019999999999997797,246816.0,176394.0,11677.0,18571.0,2026-10-23,36.0,130.0,-0.206,2.05,2.6,2.325,0.4264,97.0,0.23655913978494633,-0.09690864883640149,0.017884615384615388,0.18133012820512823
VTR,Ventas,Real Estate,Health Care REITs,2026-09-17,88.21,0.22888999999999998,0.12777863155007319,1.7913010745486333,,,1.0,0.35563426472517384,0.0040000000000000036,2711.0,7623.0,23.0,43.0,2026-10-16,29.0,85.0,-0.2921,1.0,1.3,1.15,0.2426,130.0,0.26086956521739135,-0.03639043192381808,0.013529411764705882,0.1702839756592292
VTRS,Viatris,Health Care,Pharmaceuticals,2026-09-17,17.13,0.26583,0.21868235809882564,1.2155987447321548,,,1.0,0.37879315548745096,0.019799999999999984,16315.0,43071.0,200.0,851.0,2026-10-16,29.0,16.0,-0.1779,0.1,0.3,0.2,0.2814,1129.0,0.9999999999999999,-0.06596614127262113,0.0125,0.15732758620689655
VZ,Verizon,Communication Services,Integrated Telecommunication Services,2026-09-17,48.42,0.21565,0.17175790497724902,1.255546287832079,,,1.0,0.7238679780980679,0.011000000000000038,460194.0,635743.0,22411.0,35842.0,2026-10-23,36.0,45.0,-0.2142,0.4,0.53,0.465,0.2533,32.0,0.27956989247311825,-0.07063197026022305,0.010333333333333333,0.10476851851851851
WAB,Wabtec,Industrials,Construction Machinery & Heavy Transportation Equipment,2026-09-17,278.3,0.22030999999999998,0.1791394733873643,1.2298238675939954,,,1.0,0.8175675675675675,0.04620000000000002,1210.0,1480.0,61.0,83.0,2026-10-16,29.0,260.0,-0.1881,0.65,3.6,2.125,0.269,255.0,1.3882352941176472,-0.06575637800934242,0.008173076923076924,0.10286803713527852
WAT,Waters Corporation,Health Care,Life Sciences Tools & Services,2026-09-17,424.11,0.30946,0.24938148660085116,1.2409100780416304,,,1.0,0.5434412265758092,0.01579999999999998,638.0,1174.0,3.0,9.0,2026-10-16,29.0,400.0,-0.258,1.4,10.7,6.05,0.321,0.0,1.5371900826446279,-0.05684845912617009,0.015125,0.19036637931034484
WBD,Warner Bros. Discovery,Communication Services,Broadcasting,2026-09-17,28.25,0.27226,0.09950081447450315,2.736259008912595,,,1.0,2.2530145859732094,-0.24709999999999993,2032289.0,902031.0,47490.0,27106.0,2026-10-23,36.0,25.0,-0.1408,0.16,0.3,0.22999999999999998,0.3864,0.0,0.6086956521739131,-0.11504424778761058,0.0092,0.09327777777777778
WDAY,"Workday, Inc.",Information Technology,Application Software,2026-09-17,184.835,0.49571,0.4670769977846119,1.0613025311698006,,,1.0,0.544754539340955,0.05590000000000006,48603.0,89220.0,59.0,32.0,2026-10-23,36.0,162.5,-0.1944,2.4,5.6,4.0,0.562,0.0,0.7999999999999999,-0.12083750371953372,0.024615384615384615,0.24957264957264957
WDC,Western Digital,Information Technology,"Technology Hardware, Storage & Peripherals",2026-09-17,423.8,0.62773,0.5391837548450448,1.1642227614598708,,,1.0,1.5306608176218033,-0.024700000000000055,131196.0,85712.0,17819.0,14650.0,2026-10-23,36.0,365.0,-0.1977,8.6,11.3,9.95,0.6375,36.0,0.2713567839195981,-0.1387446908919302,0.02726027397260274,0.27638888888888885
WEC,WEC Energy Group,Utilities,Electric Utilities,2026-09-17,103.51,0.16723,0.15227976974859486,1.0981760760217008,,,1.0,0.15970402343147835,0.06039999999999998,1036.0,6487.0,31.0,478.0,2026-10-16,29.0,97.5,-0.1637,0.4,0.7,0.55,0.2221,3.0,0.5454545454545453,-0.058062022992947604,0.0056410256410256415,0.07099911582670204
WELL,Welltower,Real Estate,Health Care REITs,2026-09-17,232.65,0.22982,0.13582438550434456,1.692037840971118,,,1.0,0.6866850907029478,0.021200000000000024,19381.0,28224.0,787.0,708.0,2026-10-16,29.0,220.0,-0.1974,1.6,2.1,1.85,0.2549,579.0,0.27027027027027023,-0.05437352245862892,0.00840909090909091,0.1058385579937304
WFC,Wells Fargo,Financials,Diversified Banks,2026-09-17,86.89,0.28912,0.2313869462899749,1.2495086893867982,,,1.0,1.3892279625968271,0.022499999999999964,581792.0,418788.0,24733.0,20445.0,2026-10-23,36.0,81.0,-0.2103,0.91,1.26,1.085,0.3151,7.0,0.3225806451612903,-0.06778685694556341,0.013395061728395061,0.13581104252400547
WM,Waste Management,Industrials,Environmental & Facilities Services,2026-09-17,213.08,0.18134,0.1555745584795529,1.1656147494311124,,,1.0,0.9398067671908478,0.016000000000000014,23248.0,24737.0,6608.0,3866.0,2026-10-16,29.0,200.0,-0.1253,0.65,0.8,0.7250000000000001,0.2,467.0,0.20689655172413793,-0.06138539515674868,0.0036250000000000006,0.04562500000000001
WMB,Williams Companies,Energy,Oil & Gas Storage & Transportation,2026-09-17,72.07,0.28479,0.2787482831359127,1.0216744540849474,,,1.0,0.6054785326257944,0.03470000000000001,144337.0,238385.0,1529.0,1173.0,2026-10-23,36.0,67.0,-0.2097,0.65,0.95,0.8,0.2987,24152.0,0.3749999999999999,-0.07034827251283471,0.011940298507462687,0.12106135986733002
WMT,Walmart,Consumer Staples,Consumer Staples Merchandise Retail,2026-09-17,106.716,0.22213999999999998,0.3994031281601227,0.5561799203308767,,,1.0,0.8052055300421627,0.006500000000000006,470947.0,584878.0,58046.0,67562.0,2026-10-23,36.0,101.0,-0.2,0.69,1.05,0.87,0.2319,46.0,0.41379310344827597,-0.053562727238652075,0.008613861386138615,0.08733498349834984
WRB,W. R. Berkley Corporation,Financials,Property & Casualty Insurance,2026-09-17,71.28,0.21957000000000002,0.15389239414967257,1.426776165340899,,,1.0,0.3758158708347647,0.048000000000000015,1094.0,2911.0,15.0,53.0,2026-10-16,29.0,67.0,-0.208,0.6,0.75,0.675,0.2731,289.0,0.22222222222222224,-0.060044893378226716,0.010074626865671642,0.1268013381369017
WSM,"Williams-Sonoma, Inc.",Consumer Discretionary,Homefurnishing Retail,2026-09-17,218.2,0.35792,0.2557182981627251,1.3996651884967548,,,1.0,0.8014571948998178,0.02140000000000003,7040.0,8784.0,668.0,119.0,2026-10-16,29.0,200.0,-0.211,2.65,3.4,3.025,0.3946,21.0,0.24793388429752067,-0.08340971585701185,0.015125,0.19036637931034484
WST,West Pharmaceutical Services,Health Care,Health Care Supplies,2026-09-17,366.0,0.28797999999999996,0.2141444933625822,1.3447929268599121,,,1.0,0.5837021608956001,-0.00019999999999997797,2242.0,3841.0,41.0,156.0,2026-10-16,29.0,340.0,-0.1902,1.65,5.0,3.325,0.2999,46.0,1.0075187969924813,-0.07103825136612019,0.009779411764705884,0.12308569979716025
WTW,Willis Towers Watson,Financials,Insurance Brokers,2026-09-17,311.99,0.24088,0.2909422024071513,0.827930764279109,,,1.0,0.9258266309204647,0.031299999999999994,1036.0,1119.0,2.0,1.0,2026-10-16,29.0,290.0,-0.1825,0.3,4.6,2.4499999999999997,0.2842,402.0,1.7551020408163267,-0.07048302830218922,0.008448275862068965,0.10633174791914388
WY,Weyerhaeuser,Real Estate,Timber REITs,2026-09-17,21.71,0.2416,0.217766664462247,1.109444370636833,,,1.0,0.7451791181265158,0.022199999999999998,18742.0,25151.0,1701.0,1243.0,2026-10-16,29.0,20.0,-0.1403,0.05,0.15,0.1,0.2666,234.0,0.9999999999999999,-0.07876554583141415,0.005,0.06293103448275862
WYNN,Wynn Resorts,Consumer Discretionary,Casinos & Gaming,2026-09-17,83.23,0.32487,0.2403725760978968,1.3515268891060594,,,1.0,1.689854051147006,0.028799999999999992,91122.0,53923.0,7335.0,5153.0,2026-10-23,36.0,77.0,-0.2136,1.0,1.41,1.205,0.3575,0.0,0.34024896265560156,-0.07485281749369221,0.01564935064935065,0.1586670274170274
XEL,Xcel Energy,Utilities,Multi-Utilities,2026-09-17,73.63,0.21145,0.1817503670331936,1.163408929795351,,,1.0,9.05020541001974,0.06249999999999997,169628.0,18743.0,323.0,420.0,2026-10-16,29.0,70.0,-0.2277,0.4,0.8,0.6000000000000001,0.2623,49.0,0.6666666666666666,-0.04930055683824519,0.008571428571428572,0.10788177339901478
XOM,ExxonMobil,Energy,Integrated Oil & Gas,2026-09-17,163.71,0.28515999999999997,0.2490736142008527,1.1448824112298273,,,1.0,0.6283768919220488,0.0126,397028.0,631831.0,19201.0,37778.0,2026-10-23,36.0,152.5,-0.2078,1.58,2.28,1.93,0.3025,46.0,0.3626943005181346,-0.06847474192169078,0.012655737704918032,0.1283151183970856
XYL,Xylem Inc.,Industrials,Industrial Machinery & Supplies & Components,2026-09-17,107.6201,0.25856,0.22657422322201015,1.1411712962010174,,,1.0,0.5110469392758874,-0.008700000000000013,18759.0,36707.0,57.0,76.0,2026-10-16,29.0,100.0,-0.1737,0.05,1.0,0.525,0.2493,4938.0,1.8095238095238093,-0.07080554654753146,0.00525,0.06607758620689655
XYZ,"Block, Inc.",Financials,Transaction & Payment Processing Services,2026-09-17,76.75,0.36802999999999997,0.36610452253870795,1.0052593654072888,,,1.0,0.6139017364676377,0.018600000000000005,135121.0,220102.0,4453.0,9460.0,2026-10-23,36.0,70.0,-0.2106,0.91,1.39,1.15,0.3916,32.0,0.417391304347826,-0.08794788273615639,0.016428571428571428,0.1665674603174603
YUM,Yum! Brands,Consumer Discretionary,Restaurants,2026-09-17,138.5,0.25527,0.3325359749100277,0.7676462676528966,,,1.0,0.46629840747487805,0.025099999999999983,7935.0,17017.0,126.0,328.0,2026-10-16,29.0,130.0,-0.2051,0.85,1.55,1.2,0.2697,107.0,0.5833333333333334,-0.06137184115523464,0.00923076923076923,0.11618037135278513
ZBH,Zimmer Biomet,Health Care,Health Care Equipment,2026-09-17,98.41,0.28687,0.27350760990220935,1.048855642819475,,,1.0,0.7623495599065924,0.04899999999999999,4244.0,5567.0,52.0,936.0,2026-10-16,29.0,90.0,-0.1795,0.5,1.5,1.0,0.3517,120.0,1.0,-0.08545879483792296,0.011111111111111112,0.13984674329501914
ZBRA,Zebra Technologies,Information Technology,Electronic Equipment & Instruments,2026-09-17,342.73,0.34385,0.29011276682516224,1.1852287776332944,,,1.0,2.0270870337477795,0.06270000000000003,4565.0,2252.0,189.0,56.0,2026-10-16,29.0,310.0,-0.1692,2.1,6.3,4.2,0.4126,140.0,0.9999999999999998,-0.09549791380970452,0.013548387096774195,0.17052280311457174
ZTS,Zoetis,Health Care,Pharmaceuticals,2026-09-17,72.355,0.32957000000000003,0.2926243522791722,1.1262562306693484,,,1.0,0.6231648432247417,-0.0015000000000000013,50978.0,81805.0,883.0,1131.0,2026-10-16,29.0,65.0,-0.1174,0.25,0.4,0.325,0.3205,3239.0,0.46153846153846156,-0.10165157902010924,0.005,0.06293103448275862
